bigram,n
p_0,8673
0_05,2442
consumo_alimentar,1865
excesso_peso,1646
estado_nutricional,1632
0_001,1375
alem_disso,1222
massa_corporal,1196
composicao_corporal,1032
presente_estudo,1026
estudo_transversal,1007
atividade_fisica,943
indice_massa,939
ic_95,880
objetivo_avaliar,869
acidos_graxos,852
trata_estudo,830
ic95_1,789
consumo_alimentos,774
r_0,774
estresse_oxidativo,751
vitamina_d,736
peso_corporal,725
deste_estudo,724
alimentar_nutricional,719
pode_ser,705
grupo_controle,702
0_01,689
gordura_corporal,671
objetivo_deste,667
fatores_risco,666
qualidade_vida,652
pressao_arterial,641
compostos_fenolicos,622
inseguranca_alimentar,620
estilo_vida,611
fatores_associados,594
doencas_cronicas,583
ganho_peso,581
sexo_feminino,534
tecido_adiposo,525
alimentacao_escolar,524
estudo_objetivo,521
in_natura,519
ambos_sexos,514
atividade_antioxidante,513
seguranca_alimentar,513
perfil_lipidico,510
sobrepeso_obesidade,501
alimentacao_saudavel,496
nivel_significancia,488
alimentos_ultraprocessados,479
colesterol_total,472
regressao_logistica,472
dieta_hiperlipidica,471
estudo_avaliar,466
corporal_imc,464
sexo_masculino,464
ic95_0,456
padroes_alimentares,453
revisao_sistematica,438
covid_19,436
ingestao_alimentar,435
apresentaram_maior,424
capacidade_antioxidante,420
circunferencia_cintura,417
compostos_bioativos,414
habitos_alimentares,409
alimentacao_nutricao,405
saude_publica,403
qui_quadrado,398
dois_grupos,396
praticas_alimentares,389
podem_ser,384
regressao_linear,376
95_1,375
metodos_estudo,371
rp_1,370
perda_peso,362
microbiota_intestinal,361
qualidade_dieta,360
24_horas,355
politicas_publicas,355
in_vitro,354
exercicio_fisico,353
criancas_adolescentes,352
aleitamento_materno,351
coleta_dados,350
avaliar_efeito,348
doencas_cardiovasculares,345
faixa_etaria,341
il_6,341
massa_muscular,338
or_1,327
anos_idade,324
cronicas_transmissiveis,324
risco_cardiovascular,324
percentual_gordura,322
apresentou_maior,321
universidade_federal,321
diabetes_mellitus,319
1_2,317
or_0,314
concentracoes_sericas,312
hdl_c,310
resistencia_insulina,310
sindrome_metabolica,310
comportamento_alimentar,309
diferenca_significativa,307
mg_kg,307
durante_gestacao,305
avaliar_associacao,299
hipertensao_arterial,298
95_0,297
25_oh,292
objetivo_presente,292
rio_janeiro,291
alimentos_in,287
niveis_sericos,287
ambos_grupos,283
mg_dl,281
padrao_alimentar,281
teste_t,281
outro_lado,279
populacao_brasileira,279
cancer_mama,276
deste_trabalho,275
imagem_corporal,274
risco_nutricional,272
pre_natal,270
dessa_forma,268
minimamente_processados,268
t_student,268
0_03,265
ensaio_clinico,265
maior_consumo,265
vitamina_c,262
durante_periodo,257
oh_d,257
0_02,255
regressao_poisson,252
ambiente_alimentar,249
ratos_wistar,249
transversal_realizado,249
medidas_antropometricas,246
questionario_frequencia,244
profissionais_saude,243
glicemia_jejum,242
fenolicos_totais,241
peso_nascer,241
baixo_peso,240
il_10,237
natura_minimamente,237
analise_estatistica,236
pratica_atividade,234
teste_qui,234
homa_ir,232
pos_parto,229
modelos_regressao,228
presente_trabalho,228
escolas_publicas,226
mann_whitney,226
frequencia_alimentar,225
diferencas_significativas,224
100_g,223
alimentacao_adequada,223
bases_dados,223
desta_forma,223
media_idade,223
tipo_2,223
0_04,221
desse_estudo,220
neste_estudo,219
objetivo_analisar,218
objetivo_investigar,217
or_2,215
per_capita,215
renda_familiar,215
1_0,212
risco_cardiometabolico,212
objetivo_desse,211
massa_gorda,210
pandemia_covid,210
apresentaram_maiores,208
avaliar_efeitos,208
maior_risco,208
problema_saude,208
30_dias,207
expressao_genica,207
frutas_hortalicas,207
0_0001,206
alimentares_saudaveis,206
coletados_dados,206
objetivo_estudo,206
frequencia_consumo,205
participaram_estudo,205
proteina_c,205
dias_vida,204
alimentos_saudaveis,203
cirurgia_bariatrica,203
90_dias,201
promocao_saude,201
correlacao_positiva,200
devem_ser,200
idade_media,200
resultados_obtidos,200
0_5,199
c_reativa,199
dieta_controle,199
marcadores_inflamatorios,199
peso_estatura,199
gestacao_lactacao,198
maior_prevalencia,198
12_meses,196
nacional_alimentacao,196
sexo_idade,196
analises_estatisticas,195
ic_1,194
significancia_5,194
perimetro_cintura,193
pre_gestacional,193
qualidade_nutricional,192
reducao_significativa,192
minas_gerais,191
n_10,191
18_anos,190
kg_m2,190
escore_z,189
ldl_c,189
confianca_95,188
massa_magra,188
metodos_trata,188
realizadas_analises,188
longo_prazo,187
2_3,186
educacao_alimentar,185
forca_muscular,185
n_3,185
apresentaram_menor,184
consumo_frutas,184
fisico_quimicas,184
kg_m,184
omega_3,184
0_002,183
0_003,183
5_anos,183
analise_dados,183
relacao_grupo,183
1_1,182
6_meses,182
alteracoes_metabolicas,182
comite_etica,182
parametros_bioquimicos,182
sendo_assim,182
tres_grupos,182
antes_apos,180
dieta_padrao,180
fator_risco,180
meio_questionario,180
variaveis_independentes,180
obesidade_abdominal,179
significancia_estatistica,178
trabalho_avaliar,178
trabalho_objetivo,178
comparado_grupo,177
1_3,176
escolhas_alimentares,176
clinico_randomizado,174
p_valor,174
analise_regressao,173
pontos_corte,173
programa_nacional,173
2_5,172
vem_sendo,172
gasto_energetico,171
mundial_saude,171
05_resultados,170
assim_objetivo,170
deficiencia_vitamina,170
estudo_objetivou,170
et_al,170
log_ufc,170
organizacao_mundial,170
realizado_estudo,170
valor_0,170
peso_altura,169
seis_meses,169
deve_ser,168
informacoes_sobre,168
composicao_centesimal,167
resultados_sugerem,167
10_anos,166
cafe_manha,166
grupos_experimentais,166
resultados_mostraram,166
todo_mundo,166
verificar_associacao,166
dados_sociodemograficos,165
maiores_valores,165
parametros_antropometricos,165
doenca_renal,163
criancas_menores,162
n_8,162
receberam_dieta,162
avaliacao_antropometrica,161
diante_disso,161
grupos_controle,161
alimentados_dieta,160
amostra_composta,159
palavras_chave,159
maior_parte,158
agricultura_familiar,157
nesse_sentido,157
promocao_alimentacao,157
sintomas_depressivos,157
risco_desenvolvimento,156
alimentos_processados,155
n_6,155
1_4,154
analise_conteudo,154
avaliacao_nutricional,154
ensino_fundamental,154
mellitus_tipo,154
nivel_atividade,154
acido_urico,153
apos_intervencao,153
variaveis_sociodemograficas,153
2_0,152
1_5,151
dados_coletados,151
idade_gestacional,151
qualidade_sono,151
vida_adulta,150
0_005,149
g_ml,149
alimentos_industrializados,148
alta_prevalencia,148
aumento_significativo,148
base_populacional,148
boas_praticas,148
linha_base,148
objetivou_avaliar,148
relacao_cintura,148
0_1,147
angulo_fase,147
estudo_investigar,147
grupo_intervencao,147
nesse_contexto,147
oleo_coco,146
prevalencia_excesso,146
desenvolvimento_doencas,145
durante_pandemia,145
3_4,144
60_anos,144
habitos_vida,144
modelo_regressao,144
aumento_consumo,143
desvio_padrao,143
0_000,142
etica_pesquisa,142
forca_preensao,142
renal_cronica,142
revisao_literatura,141
atencao_primaria,140
capacidade_funcional,140
componentes_principais,140
menor_consumo,140
arterial_sistolica,139
associacao_consumo,139
in_vivo,139
intervalo_confianca,139
ponto_corte,139
resposta_inflamatoria,139
artigo_original,138
desempenho_fisico,138
treinamento_fisico,138
bem_estar,136
cor_pele,136
dados_antropometricos,136
imc_i,136
objetivo_identificar,136
saude_mental,136
0_2,135
19_anos,135
alto_risco,135
0_3,134
alimentacao_complementar,134
associacao_variaveis,134
estudo_coorte,134
il_1,134
metodologia_estudo,134
composicao_nutricional,133
grupos_alimentares,133
sobre_alimentacao,133
apresentou_menor,132
bebidas_alcoolicas,132
desfechos_clinicos,132
realizada_analise,132
60_dias,131
controle_glicemico,131
cromatografia_liquida,131
estudo_observacional,131
0_004,130
6_il,130
9_anos,130
gordura_visceral,130
mg_ml,130
12_semanas,129
2_2,129
associacao_positiva,129
dieta_rica,129
linear_multipla,129
ng_ml,129
sobre_parametros,129
associacao_significativa,128
cada_vez,128
cintura_quadril,128
longo_tempo,128
3_0,127
caracteristicas_sociodemograficas,127
cintura_estatura,127
duplo_cego,127
g_100g,127
gordura_saturada,127
leite_materno,127
maior_chance,127
mg_100g,127
todos_grupos,127
web_of,127
4_5,126
95_ic,126
alto_teor,126
comportamento_sedentario,126
of_science,126
pacientes_cancer,126
arterial_sistemica,125
concentracao_serica,125
controle_c,125
intervalos_confianca,125
maior_grupo,125
maior_numero,125
solidos_soluveis,125
tempo_internacao,125
0_6,124
alimentar_populacao,124
apos_periodo,124
hemoglobina_glicada,124
amostras_sangue,123
guia_alimentar,123
neste_contexto,123
pos_operatorio,123
quadrado_pearson,123
quatro_grupos,123
variaveis_antropometricas,123
0_006,122
adultos_idosos,122
analise_variancia,122
avaliar_consumo,122
criterios_inclusao,122
dois_anos,122
indicadores_antropometricos,122
mulheres_idade,122
podem_estar,122
realizada_meio,122
saude_familia,122
2_4,121
adiposidade_corporal,121
avaliada_meio,121
consumo_bebidas,121
crescimento_desenvolvimento,121
ic_0,121
intervencao_nutricional,121
risco_doencas,121
ultimos_anos,121
3_5,120
condicoes_saude,120
dados_realizada,120
populacao_estudada,120
tolerancia_glicose,120
anos_ambos,119
antioxidante_total,119
aprovado_comite,119
avaliar_qualidade,119
grupo_c,119
grupos_alimentos,119
bolsa_familia,118
cintura_cc,118
estudo_longitudinal,118
kg_dia,118
maior_concentracao,118
potencial_antioxidante,118
0_9,117
2_anos,117
5_0,117
exato_fisher,117
graxos_saturados,117
maior_frequencia,117
maior_tempo,117
seguranca_alimentos,117
alimentar_avaliado,116
0_20,115
0_7,115
8_semanas,115
analise_sensorial,115
comparacao_grupo,115
concentracoes_plasmaticas,115
dados_analisados,115
dados_secundarios,115
diferenca_estatistica,115
distrito_federal,115
mg_100,115
todas_analises,115
1_6,114
avaliacao_consumo,114
efeitos_beneficos,114
investigar_associacao,114
resultados_encontrados,114
dias_idade,113
estudos_sobre,113
g_1,113
liquida_alta,113
meio_analise,113
musculo_esqueletico,113
rp_0,113
terapia_nutricional,113
transversal_base,113
24_meses,112
apos_ajuste,112
apresentaram_aumento,112
corporal_total,112
g_g,112
imc_idade,112
0_0,111
0_007,111
aquisicao_alimentos,111
conclusao_resultados,111
consumo_regular,111
dias_consecutivos,111
fibra_alimentar,111
frequencia_cardiaca,111
prevalencia_obesidade,111
sensibilidade_insulina,111
valor_nutricional,111
2_1,110
59_anos,110
beneficios_saude,110
cha_verde,110
correlacao_pearson,110
escherichia_coli,110
escolaridade_materna,110
idade_sexo,110
pode_estar,110
poucos_estudos,110
significativamente_maior,110
0_8,109
avaliado_meio,109
correlacao_negativa,109
pode_contribuir,109
transtornos_alimentares,109
avaliar_relacao,108
dados_obtidos,108
hospital_universitario,108
pratica_clinica,108
superoxido_dismutase,108
ufc_g,108
baixa_densidade,107
consumo_dieta,107
durante_armazenamento,107
excesso_gordura,107
grau_processamento,107
significancia_p,107
vezes_semana,107
alta_eficiencia,106
ensaios_clinicos,106
enzimas_antioxidantes,106
kruskal_wallis,106
materno_exclusivo,106
menores_valores,106
pre_pos,106
unico_saude,106
7_anos,105
avaliacao_estado,105
cada_grupo,105
estudantes_universitarios,105
g_100,105
individuos_obesidade,105
leite_humano,105
processo_inflamatorio,105
soro_leite,105
28_dias,104
acido_graxo,104
anti_inflamatoria,104
efeito_consumo,104
grupos_grupo,104
meses_idade,104
or_3,104
primaria_saude,104
relacao_consumo,104
risco_vies,104
significancia_adotado,104
sistema_unico,104
1_01,103
5_resultados,103
alta_densidade,103
ambiente_escolar,103
atencao_basica,103
coleta_sangue,103
fisico_quimica,103
g_kg,103
maiores_concentracoes,103
neste_sentido,103
objetivo_desta,103
pos_prandial,103
sistema_nervoso,103
ufc_ml,103
5_p,102
n_12,102
observadas_diferencas,102
oleo_peixe,102
qualidade_alimentacao,102
vezes_maior,102
3_6,101
analise_fatorial,101
esteatose_hepatica,101
hipovitaminose_d,101
intencao_compra,101
objetivo_verificar,101
peso_obesidade,101
reducao_peso,101
21_dias,100
acido_folico,100
corporal_idade,100
peroxidacao_lipidica,100
possivel_observar,100
segunda_etapa,100
vicosa_mg,100
6_0,99
asg_ppp,99
coeficiente_correlacao,99
exames_bioquimicos,99
media_desvio,99
odds_ratio,99
peso_gestacional,99
recordatorio_24,99
resultados_indicam,99
analise_componentes,98
classificacao_nova,98
composicao_quimica,98
consumo_aup,98
direito_humano,98
hdl_colesterol,98
legumes_verduras,98
oleo_soja,98
0_06,97
0_4,97
azeite_oliva,97
bioimpedancia_eletrica,97
efeitos_suplementacao,97
n_5,97
processados_ultraprocessados,97
programa_bolsa,97
reducao_consumo,97
significativa_p,97
apresentaram_menores,96
baixo_consumo,96
dados_sobre,96
ensino_superior,96
individuos_adultos,96
livre_gordura,96
problemas_saude,96
ratos_machos,96
avaliar_influencia,95
estudo_avaliou,95
imc_circunferencia,95
investigar_efeitos,95
parece_ser,95
primeira_etapa,95
recebeu_dieta,95
renda_per,95
7_0,94
cinco_anos,94
doenca_hepatica,94
l_ml,94
leite_vaca,94
massa_livre,94
parametros_metabolicos,94
registro_alimentar,94
valor_energetico,94
variaveis_categoricas,94
0_25,93
1_7,93
7_dias,93
analisar_associacao,93
animais_grupo,93
estudo_tipo,93
meio_teste,93
s_aureus,93
sobre_consumo,93
analise_descritiva,92
analises_realizadas,92
apresentaram_reducao,92
apresentou_associacao,92
elevada_prevalencia,92
escala_brasileira,92
preensao_manual,92
spss_versao,92
0_009,91
1_25,91
analise_multivariada,91
apresentou_reducao,91
bebidas_acucaradas,91
condicoes_socioeconomicas,91
dados_socioeconomicos,91
diferenca_grupos,91
ingestao_dietetica,91
nutricional_pacientes,91
oleo_essencial,91
perfil_nutricional,91
pode_ter,91
tratamento_obesidade,91
0_008,90
14_anos,90
2_6,90
alimentar_criancas,90
conteudo_proteico,90
faixas_etarias,90
mulheres_adultas,90
peso_imc,90
3_1,89
8_anos,89
anti_inflamatorio,89
apos_desmame,89
atividade_antimicrobiana,89
efeito_suplementacao,89
estudo_realizado,89
mineral_ossea,89
perfil_acidos,89
resultados_demonstraram,89
saude_humana,89
sul_brasil,89
1_8,88
baixo_custo,88
bebida_alcoolica,88
conhecimento_sobre,88
estatisticamente_significante,88
fisico_quimicos,88
humano_alimentacao,88
objetivos_avaliar,88
segundo_artigo,88
tnf_il,88
aplicacao_questionario,87
apresentou_aumento,87
baixa_renda,87
estudo_analisar,87
nutricional_criancas,87
tendo_vista,87
1_02,86
2_8,86
4_0,86
4_6,86
4_semanas,86
apresentaram_valores,86
avaliar_impacto,86
baixa_estatura,86
comparacao_grupos,86
imc_pre,86
inatividade_fisica,86
indice_adiposidade,86
ingestao_calorica,86
maior_percentual,86
micro_organismos,86
rede_publica,86
resultados_mostram,86
socioeconomicas_demograficas,86
variavel_dependente,86
1_p,85
6_n,85
animais_receberam,85
atividade_agua,85
atividade_enzimas,85
grupo_placebo,85
identificar_fatores,85
melhor_qualidade,85
modelo_final,85
pacientes_doenca,85
pacientes_drc,85
podendo_ser,85
pos_natal,85
prevalencia_anemia,85
realizou_estudo,85
recem_nascidos,85
recordatorios_24,85
servicos_saude,85
transmissiveis_dcnt,85
0_99,84
1_11,84
anos_sendo,84
brasileira_inseguranca,84
comparados_grupo,84
corporal_consumo,84
densidade_mineral,84
desses_alimentos,84
duas_vezes,84
educacao_nutricional,84
maior_ingestao,84
oleos_essenciais,84
prevencao_doencas,84
prevencao_tratamento,84
valor_p,84
3_n,83
5_1,83
95_ci,83
abordagem_qualitativa,83
adequada_saudavel,83
alimentos_consumidos,83
apresentaram_associacao,83
avaliacao_subjetiva,83
comportamentos_alimentares,83
compulsao_alimentar,83
efeito_protetor,83
g_dia,83
graxos_cadeia,83
indice_qualidade,83
iqd_r,83
outros_fatores,83
peso_idade,83
presente_dissertacao,83
primeiro_ano,83
ratas_wistar,83
seres_humanos,83
teste_tukey,83
11_0,82
15_dias,82
4_7,82
4_grupos,82
8_0,82
8_9,82
8_p,82
adesao_padrao,82
apos_analise,82
banco_dados,82
controle_gc,82
dois_artigos,82
duas_etapas,82
estudos_incluidos,82
frutas_legumes,82
g_dl,82
idade_imc,82
kg_peso,82
maiores_chances,82
metabolica_sm,82
principais_causas,82
saude_nutricao,82
subjetiva_global,82
3_2,81
6_9,81
aplicado_questionario,81
carotenoides_totais,81
colesterol_hdl,81
escolar_pnae,81
especies_reativas,81
fatores_sociodemograficos,81
g_l,81
obesidade_central,81
pessoas_idosas,81
podem_influenciar,81
rp_2,81
santa_catarina,81
utilizados_dados,81
0_012,80
0_10,80
3_dias,80
5_5,80
dados_consumo,80
diz_respeito,80
energetico_total,80
frutas_vegetais,80
ingestao_alimentos,80
pos_graduacao,80
resultados_deste,80
20_anos,79
4_anos,79
anos_estudo,79
curva_roc,79
desse_trabalho,79
ensino_medio,79
horas_apos,79
maior_adesao,79
materno_infantil,79
moderada_grave,79
muscular_esqueletica,79
oxido_nitrico,79
participantes_estudo,79
podem_contribuir,79
sintomas_ansiedade,79
terapia_intensiva,79
variaveis_socioeconomicas,79
1_04,78
1_10,78
5_2,78
aumento_niveis,78
consistencia_interna,78
dias_apos,78
estatura_idade,78
federal_vicosa,78
idade_adulta,78
nrs_2002,78
produtos_alimenticios,78
publicas_privadas,78
razao_cintura,78
razao_prevalencia,78
1_03,77
1_n,77
4_2,77
4_p,77
acidos_organicos,77
adolescentes_brasileiros,77
alimentos_ricos,77
avaliacao_qualidade,77
cadeia_curta,77
cronica_drc,77
demais_grupos,77
doenca_cronica,77
encontradas_diferencas,77
estatisticas_realizadas,77
idade_20,77
maior_quantidade,77
metabolismo_lipidico,77
objetivo_geral,77
on_line,77
reativa_pcr,77
reducao_massa,77
0_011,76
0_07,76
1_06,76
20_0,76
apresentou_correlacao,76
atraves_questionario,76
avaliar_estado,76
baixa_qualidade,76
baixo_grau,76
caracteristicas_fisico,76
consumo_energia,76
dois_momentos,76
glicose_insulina,76
municipio_vicosa,76
observou_aumento,76
perda_massa,76
pro_inflamatorias,76
processamento_alimentos,76
raca_cor,76
regiao_metropolitana,76
restricao_proteica,76
resultados_apresentados,76
teor_compostos,76
utilizado_teste,76
wistar_machos,76
0_00,75
2_n,75
3_anos,75
4_8,75
a_o,75
alimentos_bebidas,75
aumento_prevalencia,75
consumo_diario,75
estado_civil,75
estado_rio,75
grupos_receberam,75
maior_proporcao,75
meio_regressao,75
n_9,75
producao_alimentos,75
total_ldl,75
ultimas_decadas,75
0_017,74
0_96,74
0_98,74
100_ml,74
2_7,74
4_1,74
4_3,74
5_mg,74
alimentadas_dieta,74
celulas_viaveis,74
dois_estudos,74
durante_lactacao,74
estudo_aprovado,74
estudo_caso,74
maior_teor,74
manipuladores_alimentos,74
nordeste_brasil,74
pcr_us,74
percepcao_risco,74
software_spss,74
staphylococcus_aureus,74
trato_gastrointestinal,74
valores_medios,74
1_00,73
2_9,73
analises_microbiologicas,73
animais_submetidos,73
ansiedade_depressao,73
artigo_1,73
capitulo_revisao,73
composicao_microbiota,73
consumo_energetico,73
consumo_excessivo,73
expressao_genes,73
leite_derivados,73
nessa_populacao,73
niveis_plasmaticos,73
observou_reducao,73
origem_animal,73
principais_fatores,73
r_versao,73
rica_gordura,73
5_6,72
consumo_calorico,72
correlacao_spearman,72
criancas_6,72
faz_necessario,72
homens_mulheres,72
ministerio_saude,72
n_1,72
n_7,72
perfil_metabolico,72
periodo_pos,72
pg_ml,72
questionario_estruturado,72
raios_x,72
salario_minimo,72
1_9,71
100g_1,71
2_p,71
6_anos,71
acesso_alimentos,71
amostra_probabilistica,71
artigo_2,71
aumento_expressao,71
belo_horizonte,71
compra_alimentos,71
consumo_alcool,71
consumo_ultraprocessados,71
deficiencia_ferro,71
diabetes_tipo,71
dias_semana,71
estado_saude,71
estatisticamente_significativa,71
idade_escolaridade,71
introducao_obesidade,71
lipoproteina_baixa,71
mediana_idade,71
melhores_resultados,71
menor_ingestao,71
meta_analise,71
partir_dados,71
permeabilidade_intestinal,71
pre_escolares,71
reducao_niveis,71
salmonella_spp,71
shapiro_wilk,71
tecido_hepatico,71
vitamina_b12,71
2_dm2,70
3_7,70
6_1,70
acidez_titulavel,70
acoes_educacao,70
adotado_5,70
alta_hospitalar,70
amostra_total,70
estatistica_descritiva,70
inflamatorio_dieta,70
lipoproteina_alta,70
marcadores_bioquimicos,70
maturacao_sexual,70
nesta_populacao,70
pode_influenciar,70
realizada_avaliacao,70
resultados_estudo,70
rio_grande,70
ser_considerada,70
teste_mann,70
teste_tolerancia,70
0_30,69
1_05,69
1_15,69
5_dias,69
6_2,69
6_6,69
9_0,69
95_ic95,69
acido_ascorbico,69
acumulo_gordura,69
alta_intensidade,69
analises_bioquimicas,69
analises_regressao,69
antropometricas_composicao,69
avaliados_quanto,69
c_p,69
carne_bovina,69
criterios_glim,69
desta_pesquisa,69
diante_exposto,69
diferencas_grupos,69
diferentes_tipos,69
fatores_confusao,69
fatores_relacionados,69
forma_objetivo,69
funcao_renal,69
industria_alimentos,69
nutricao_universidade,69
portanto_objetivo,69
resultados_avaliados,69
unidades_alimentacao,69
0_018,68
0_08,68
3_3,68
6_p,68
7_1,68
7_2,68
apos_cirurgia,68
apos_ingestao,68
baixo_teor,68
cintura_pc,68
circunferencia_abdominal,68
disponibilidade_alimentos,68
gordura_abdominal,68
grupos_p,68
joao_pessoa,68
mulheres_obesidade,68
pos_teste,68
sendo_maior,68
sensibilidade_especificidade,68
stata_versao,68
systematic_reviews,68
temperatura_ambiente,68
utilizou_teste,68
venda_alimentos,68
vulnerabilidade_social,68
13_0,67
17_anos,67
25_0,67
5_3,67
apresentou_maiores,67
aumento_atividade,67
circunferencia_panturrilha,67
citocinas_pro,67
controle_p,67
delineamento_transversal,67
fatores_socioeconomicos,67
final_estudo,67
grande_parte,67
grupos_focais,67
literatura_cientifica,67
menor_peso,67
pos_desmame,67
quanto_composicao,67
relacao_estado,67
resultados_demonstram,67
salarios_minimos,67
saude_intestinal,67
teste_exato,67
0_60,66
3_meses,66
5_7,66
8_3,66
acompanhamento_nutricional,66
assim_presente,66
atividade_enzima,66
dia_anterior,66
diferentes_concentracoes,66
divididos_dois,66
dupla_energia,66
insatisfacao_imagem,66
legislacao_brasileira,66
meses_apos,66
oxidativo_inflamacao,66
peso_comprimento,66
pre_operatorio,66
prevalencia_fatores,66
prevencao_controle,66
primeiro_artigo,66
qualidade_metodologica,66
recordatorio_alimentar,66
sob_curva,66
tipo_transversal,66
0_010,65
0_12,65
0_24,65
1_14,65
10_0,65
apos_ajustes,65
aumento_peso,65
avaliar_fatores,65
bland_altman,65
dados_clinicos,65
diagnostico_desnutricao,65
dias_armazenamento,65
diversos_fatores,65
estudo_intervencao,65
florianopolis_sc,65
l_fermentum,65
metodologia_trata,65
mol_l,65
muscular_braco,65
oito_semanas,65
randomizado_controlado,65
total_ct,65
variaveis_continuas,65
0_15,64
0_95,64
1_12,64
21_0,64
24_h,64
ad_libitum,64
base_dados,64
desse_modo,64
dia_vida,64
dl_p,64
estudo_1,64
glutationa_peroxidase,64
ingredientes_culinarios,64
insatisfacao_corporal,64
menor_grupo,64
mg_l,64
ml_1,64
observacional_transversal,64
pacientes_adultos,64
perfil_bioquimico,64
presente_pesquisa,64
realizado_teste,64
resultados_presente,64
servicos_alimentacao,64
transtornos_mentais,64
1_07,63
4_n,63
5_4,63
6_3,63
9_3,63
9_p,63
alimentar_saudavel,63
apos_exercicio,63
apos_tratamento,63
assim_estudo,63
balanco_energetico,63
caracteristicas_sensoriais,63
cardiovasculares_dcv,63
dieta_hipoproteica,63
ingestao_energetica,63
meses_vida,63
obesidade_doenca,63
populacao_idosa,63
questionario_semiestruturado,63
reativas_oxigenio,63
recem_nascido,63
socioeconomicos_demograficos,63
variancia_anova,63
vitaminas_minerais,63
0_028,62
5_8,62
6_5,62
8_1,62
alto_consumo,62
apos_suplementacao,62
avaliacao_composicao,62
comportamentos_risco,62
criterios_elegibilidade,62
dados_pubmed,62
disturbios_metabolicos,62
estado_inflamatorio,62
interleucina_6,62
meio_ambiente,62
mmol_l,62
nutricao_enteral,62
nutricao_saude,62
nutricional_san,62
pacientes_criticos,62
pode_concluir,62
ratos_submetidos,62
reducao_risco,62
respectivos_intervalos,62
ser_utilizado,62
tempo_tela,62
ter_sido,62
unidade_terapia,62
unidades_basicas,62
validacao_conteudo,62
validade_conteudo,62
0_013,61
0_015,61
0_021,61
0_18,61
0_28,61
0_80,61
1_21,61
3_8,61
6_8,61
7_5,61
adiposo_branco,61
alimentos_organicos,61
aumento_concentracao,61
basicas_saude,61
coagulase_positiva,61
controle_n,61
entrevistas_semiestruturadas,61
estatisticamente_significativas,61
estrategia_saude,61
fator_necrose,61
grupo_recebeu,61
grupos_acordo,61
necrose_tumoral,61
objetivo_descrever,61
pacientes_submetidos,61
papel_importante,61
ponto_vista,61
pos_colheita,61
post_hoc,61
principal_causa,61
quanto_maior,61
realizada_revisao,61
restricao_calorica,61
software_stata,61
solucao_salina,61
viabilidade_celular,61
vigilancia_alimentar,61
vigilancia_sanitaria,61
0_014,60
0_020,60
2008_2009,60
5_10,60
50_0,60
50_anos,60
8_n,60
alimentar_ia,60
alimentar_qfa,60
alto_valor,60
antropometricos_peso,60
controle_peso,60
criancas_idade,60
desenvolvimento_infantil,60
educacao_saude,60
expressao_proteica,60
fatores_podem,60
gordura_total,60
grupo_hf,60
ic95_2,60
idade_18,60
lista_verificacao,60
marcadores_estresse,60
muitas_vezes,60
n_4,60
novos_estudos,60
oferta_alimentos,60
pais_responsaveis,60
periodo_pre,60
populacao_adulta,60
resultados_indicaram,60
sobre_tema,60
tecidos_adiposos,60
treinamento_forca,60
tres_dias,60
vezes_dia,60
0_016,59
0_21,59
10_il,59
18_0,59
40_anos,59
5_9,59
7_10,59
analises_descritivas,59
anti_inflamatorias,59
apenas_grupo,59
apresentaram_diferenca,59
apresentaram_diferencas,59
arroz_feijao,59
atencao_saude,59
avaliar_potencial,59
c57bl_6,59
calorimetria_indireta,59
camundongos_swiss,59
corte_transversal,59
dieta_cetogenica,59
dobras_cutaneas,59
ferro_zinco,59
grupos_apresentaram,59
il_8,59
inflamacao_cronica,59
logistica_multinomial,59
massa_ossea,59
or_4,59
pesquisa_seres,59
ph_acidez,59
preensao_palmar,59
sars_cov,59
saude_populacao,59
testes_t,59
total_p,59
tres_meses,59
zona_urbana,59
0_026,58
0_036,58
0_93,58
0_94,58
3_p,58
5_n,58
acesso_alimentacao,58
acoes_alimentacao,58
alimentos_origem,58
antropometricas_peso,58
aspectos_relacionados,58
associado_maior,58
aumento_massa,58
aumento_risco,58
circunferencia_braco,58
habito_alimentar,58
indices_antropometricos,58
influencia_sobre,58
ingestao_diaria,58
macro_micronutrientes,58
menor_chance,58
nivel_escolaridade,58
obesidade_sarcopenica,58
observou_maior,58
ouro_preto,58
padrao_consumo,58
pelotas_rs,58
peso_gordura,58
pesquisa_nacional,58
poli_insaturados,58
saude_oms,58
suplementacao_vitamina,58
t_pareado,58
1_08,57
12_0,57
12_anos,57
15_0,57
20_59,57
3_9,57
7_n,57
8_5,57
acoes_ean,57
acoes_promocao,57
analise_documental,57
antropometricos_composicao,57
atraves_analise,57
aumentou_significativamente,57
avaliar_prevalencia,57
corporal_circunferencia,57
corporal_gc,57
desmame_precoce,57
dias_pos,57
doenca_cardiovascular,57
durante_todo,57
grupo_dieta,57
inflamacao_estresse,57
informacao_nutricional,57
ingestao_proteica,57
intervencoes_nutricionais,57
maiores_niveis,57
menor_tempo,57
menores_dois,57
min_1,57
obesidade_infantil,57
podem_ter,57
primeira_infancia,57
primeiro_estudo,57
propolis_vermelha,57
resultados_apontam,57
resultados_prevalencia,57
sexto_mes,57
sobre_composicao,57
teor_sodio,57
transversal_amostra,57
transversal_descritivo,57
trata_ensaio,57
trata_pesquisa,57
tratamento_termico,57
0_11,56
0_84,56
01_1,56
16_0,56
2017_2018,56
4_4,56
7_9,56
amido_resistente,56
apos_12,56
apresentou_melhor,56
arterial_diastolica,56
associacao_inversa,56
associacoes_variaveis,56
auc_0,56
calculo_indice,56
camundongos_c57bl,56
centro_oeste,56
conclusao_estudo,56
corporal_avaliada,56
cov_2,56
deste_modo,56
dissertacao_mestrado,56
encontrada_associacao,56
estado_alagoas,56
estatura_rce,56
exercicios_fisicos,56
expressos_media,56
fibras_alimentares,56
frutas_verduras,56
ingestao_energia,56
mcf_7,56
mes_vida,56
metabolismo_glicose,56
metodo_estudo,56
nutricional_consumo,56
obesidade_grave,56
obtidos_meio,56
perfil_inflamatorio,56
prevalencia_rp,56
realizada_atraves,56
responderam_questionario,56
revisoes_sistematicas,56
rotulos_alimentos,56
sendo_maioria,56
sintomas_depressao,56
suplementacao_oleo,56
tempo_real,56
utilizando_software,56
y_roux,56
0_019,55
0_09,55
0_23,55
0_90,55
0_p,55
1_16,55
7_14,55
abundancia_relativa,55
alimentar_adolescentes,55
amostra_representativa,55
ano_vida,55
anos_vida,55
anti_inflamatorios,55
antropometricos_bioquimicos,55
area_sob,55
demais_variaveis,55
desenvolvimento_obesidade,55
fase_adulta,55
grupo_1,55
habilidades_culinarias,55
higienico_sanitarias,55
ingestao_calcio,55
inicio_final,55
internacao_hospitalar,55
ldl_colesterol,55
legislacao_vigente,55
leptina_adiponectina,55
literatura_sobre,55
n_20,55
necessarios_estudos,55
observou_associacao,55
outros_estudos,55
peso_criancas,55
prevalencia_inadequacao,55
qualidade_microbiologica,55
ratio_or,55
ratos_adultos,55
significativamente_maiores,55
soluveis_totais,55
statistical_package,55
terapia_interdisciplinar,55
todas_amostras,55
tres_padroes,55
vida_prateleira,55
0_035,54
0_40,54
0_75,54
0_anos,54
1_09,54
6_4,54
9_n,54
alimentares_criancas,54
alimentos_regionais,54
amostra_final,54
apresentou_diferenca,54
associacao_fatores,54
baixa_ingestao,54
citocinas_inflamatorias,54
dados_demograficos,54
dessa_populacao,54
desta_tese,54
estudo_experimental,54
extrato_aquoso,54
fatores_ambientais,54
grupo_caso,54
individuos_excesso,54
itens_alimentares,54
logistica_multipla,54
maior_peso,54
malondialdeido_mda,54
meio_aplicacao,54
metabolismo_energetico,54
n_2,54
observada_associacao,54
partir_analise,54
preferred_reporting,54
presente_tese,54
qualidade_muscular,54
realizados_testes,54
regiao_nordeste,54
reporting_items,54
resultados_amostra,54
risco_saude,54
sistematica_literatura,54
todas_variaveis,54
tres_etapas,54
0_038,53
0_16,53
0_19,53
0_36,53
0_59,53
0_70,53
05_grupo,53
1_13,53
1_18,53
4_mg,53
48_horas,53
abordagem_quantitativa,53
acucar_adicao,53
adiposidade_abdominal,53
adiposo_epididimal,53
apresentou_valores,53
avaliacao_risco,53
coletadas_informacoes,53
cuidado_nutricional,53
demograficas_socioeconomicas,53
dois_recordatorios,53
efeitos_consumo,53
estabelecimentos_venda,53
estudo_2,53
forma_geral,53
formulas_infantis,53
igual_superior,53
imediatamente_apos,53
indice_glicemico,53
individuos_dm2,53
ingestao_nutrientes,53
investigar_efeito,53
kcal_dia,53
maior_probabilidade,53
maiores_teores,53
mato_grosso,53
menores_concentracoes,53
n_14,53
niveis_elevados,53
objetivo_trabalho,53
observado_aumento,53
one_way,53
pacientes_idosos,53
populacao_estudo,53
razoes_prevalencia,53
realizou_analise,53
rho_0,53
saude_ossea,53
sobre_perfil,53
total_fracoes,53
via_sinalizacao,53
0_046,52
0_14,52
0_50,52
0_91,52
0_92,52
1_17,52
1_30,52
1_il,52
10_dias,52
120_dias,52
4_9,52
6_12,52
9_1,52
9_6,52
aditivos_alimentares,52
agricultores_familiares,52
alimentares_identificados,52
animais_alimentados,52
baixa_escolaridade,52
classe_economica,52
coletadas_amostras,52
coliformes_totais,52
comparacao_medias,52
densidade_hdl,52
dieta_materna,52
diferentes_grupos,52
equacoes_preditivas,52
estatistica_realizada,52
estudo_verificar,52
exposicao_solar,52
hepatica_gordurosa,52
idosos_institucionalizados,52
indice_tyg,52
induzida_dieta,52
inicio_estudo,52
insulina_homa,52
linhagem_wistar,52
listeria_monocytogenes,52
logistica_binaria,52
maior_p,52
marcadores_alimentacao,52
melhorar_qualidade,52
mulheres_pos,52
n_11,52
nervoso_central,52
neste_trabalho,52
parametros_avaliados,52
reducao_atividade,52
relacao_variaveis,52
respectivamente_p,52
sinalizacao_insulina,52
sobre_saude,52
termo_consentimento,52
variaveis_estudadas,52
vicosa_minas,52
z_imc,52
0_027,51
0_032,51
0_38,51
10_19,51
11_1,51
5_vezes,51
80_anos,51
9_2,51
alimentar_estado,51
area_urbana,51
capaz_reduzir,51
caracteristicas_nutricionais,51
caso_controle,51
conclusao_consumo,51
controle_metabolico,51
estudo_clinico,51
estudos_avaliaram,51
gordura_trans,51
grupos_tratados,51
i_p,51
identificar_padroes,51
impedancia_bioeletrica,51
maior_valor,51
maioria_estudos,51
marcadores_consumo,51
melhor_desempenho,51
modelos_ajustados,51
objetivo_caracterizar,51
pode_levar,51
randomizado_duplo,51
regiao_sul,51
sexos_idade,51
sobre_estado,51
suco_uva,51
transversal_analitico,51
triagem_nutricional,51
variancia_robusta,51
via_oral,51
0_041,50
1_23,50
22_0,50
25_hidroxivitamina,50
5_g,50
7_4,50
95_2,50
ainda_pouco,50
animais_eutanasiados,50
animais_tratados,50
apesar_disso,50
apoio_social,50
associacao_negativa,50
avaliadas_quanto,50
baixo_risco,50
campo_alimentacao,50
caracteristicas_fisicas,50
diferenca_estatisticamente,50
diferencas_estatisticas,50
dismutase_sod,50
efeito_sobre,50
efeitos_adversos,50
elevado_teor,50
enquanto_grupo,50
estudos_epidemiologicos,50
faz_parte,50
hemodialise_hd,50
informacoes_sociodemograficas,50
investigar_relacao,50
items_systematic,50
l_monocytogenes,50
lactobacillus_acidophilus,50
livre_esclarecido,50
material_metodos,50
melhoria_qualidade,50
mulheres_excesso,50
nf_b,50
oleo_chia,50
p_p,50
pouco_sabe,50
prevalencia_sobrepeso,50
resultados_participaram,50
risco_protecao,50
saude_aps,50
ser_utilizada,50
ser_utilizados,50
sistema_vigilancia,50
testes_estatisticos,50
trabalho_objetivou,50
