grams,n_palavra
programa nacional alimentacao escolar,4
diabetes mellitus tipo 2,4
cromatografia liquida alta eficiencia,4
indice massa corporal idade,4
guia alimentar populacao brasileira,4
escala brasileira inseguranca alimentar,4
teste qui quadrado pearson,4
acidos graxos cadeia curta,4
direito humano alimentacao adequada,4
indice massa corporal,3
seguranca alimentar nutricional,3
doencas cronicas transmissiveis,3
alimentos in natura,3
pratica atividade fisica,3
teste qui quadrado,3
proteina c reativa,3
questionario frequencia alimentar,3
educacao alimentar nutricional,3
organizacao mundial saude,3
ensaio clinico randomizado,3
doenca renal cronica,3
regressao linear multipla,3
acidos graxos saturados,3
hipertensao arterial sistemica,3
capacidade antioxidante total,3
aleitamento materno exclusivo,3
atencao primaria saude,3
sistema unico saude,3
programa bolsa familia,3
recordatorio 24 horas,3
analise componentes principais,3
excesso gordura corporal,3
fatores risco cardiovascular,3
inseguranca alimentar nutricional,3
avaliacao consumo alimentar,3
ganho peso gestacional,3
densidade mineral ossea,3
avaliacao subjetiva global,3
recordatorios 24 horas,3
forca preensao manual,3
imc pre gestacional,3
habitos alimentares saudaveis,3
ratos wistar machos,3
lipoproteina baixa densidade,3
frutas legumes verduras,3
lipoproteina alta densidade,3
fatores risco cardiometabolico,3
baixo peso nascer,3
especies reativas oxigenio,3
insatisfacao imagem corporal,3
relacao cintura quadril,3
unidades alimentacao nutricao,3
diabetes tipo 2,3
unidade terapia intensiva,3
unidades basicas saude,3
dieta rica gordura,3
estrategia saude familia,3
tecido adiposo branco,3
vigilancia alimentar nutricional,3
marcadores estresse oxidativo,3
teste exato fisher,3
regressao logistica multinomial,3
citocinas pro inflamatorias,3
teor compostos fenolicos,3
consumo bebidas alcoolicas,3
menores dois anos,3
area sob curva,3
regressao logistica multipla,3
doenca hepatica gordurosa,3
gordura corporal total,3
indice qualidade dieta,3
sistema nervoso central,3
solidos soluveis totais,3
forca preensao palmar,3
randomizado duplo cego,3
acoes educacao alimentar,3
teste t pareado,3
pandemia covid 19,3
consumo alimentar,2
excesso peso,2
estado nutricional,2
massa corporal,2
composicao corporal,2
estudo transversal,2
atividade fisica,2
acidos graxos,2
consumo alimentos,2
estresse oxidativo,2
vitamina d,2
peso corporal,2
grupo controle,2
gordura corporal,2
fatores risco,2
qualidade vida,2
pressao arterial,2
compostos fenolicos,2
inseguranca alimentar,2
estilo vida,2
fatores associados,2
doencas cronicas,2
ganho peso,2
sexo feminino,2
tecido adiposo,2
alimentacao escolar,2
in natura,2
ambos sexos,2
atividade antioxidante,2
seguranca alimentar,2
perfil lipidico,2
alimentacao saudavel,2
alimentos ultraprocessados,2
colesterol total,2
regressao logistica,2
dieta hiperlipidica,2
sexo masculino,2
padroes alimentares,2
revisao sistematica,2
covid 19,2
ingestao alimentar,2
capacidade antioxidante,2
circunferencia cintura,2
compostos bioativos,2
habitos alimentares,2
saude publica,2
qui quadrado,2
praticas alimentares,2
regressao linear,2
perda peso,2
microbiota intestinal,2
qualidade dieta,2
politicas publicas,2
exercicio fisico,2
criancas adolescentes,2
aleitamento materno,2
doencas cardiovasculares,2
il 6,2
massa muscular,2
risco cardiovascular,2
percentual gordura,2
hdl c,2
resistencia insulina,2
sindrome metabolica,2
comportamento alimentar,2
hipertensao arterial,2
padrao alimentar,2
cancer mama,2
imagem corporal,2
risco nutricional,2
pre natal,2
ensaio clinico,2
vitamina c,2
regressao poisson,2
ambiente alimentar,2
ratos wistar,2
medidas antropometricas,2
profissionais saude,2
glicemia jejum,2
peso nascer,2
baixo peso,2
il 10,2
homa ir,2
pos parto,2
escolas publicas,2
mann whitney,2
frequencia alimentar,2
alimentacao adequada,2
renda familiar,2
risco cardiometabolico,2
massa gorda,2
expressao genica,2
frutas hortalicas,2
alimentares saudaveis,2
frequencia consumo,2
proteina c,2
alimentos saudaveis,2
cirurgia bariatrica,2
promocao saude,2
c reativa,2
marcadores inflamatorios,2
perimetro cintura,2
ldl c,2
massa magra,2
forca muscular,2
consumo frutas,2
omega 3,2
parametros bioquimicos,2
obesidade abdominal,2
escolhas alimentares,2
gasto energetico,2
cafe manha,2
dados sociodemograficos,2
parametros antropometricos,2
doenca renal,2
avaliacao antropometrica,2
agricultura familiar,2
sintomas depressivos,2
alimentos processados,2
avaliacao nutricional,2
acido urico,2
idade gestacional,2
alimentos industrializados,2
base populacional,2
angulo fase,2
grupo intervencao,2
oleo coco,2
revisao literatura,2
capacidade funcional,2
resposta inflamatoria,2
desempenho fisico,2
treinamento fisico,2
cor pele,2
saude mental,2
alimentacao complementar,2
estudo coorte,2
composicao nutricional,2
bebidas alcoolicas,2
desfechos clinicos,2
controle glicemico,2
cromatografia liquida,2
estudo observacional,2
gordura visceral,2
gordura saturada,2
leite materno,2
comportamento sedentario,2
hemoglobina glicada,2
adultos idosos,2
indicadores antropometricos,2
saude familia,2
adiposidade corporal,2
tolerancia glicose,2
antioxidante total,2
estudo longitudinal,2
potencial antioxidante,2
seguranca alimentos,2
analise sensorial,2
dados secundarios,2
musculo esqueletico,2
fibra alimentar,2
frequencia cardiaca,2
sensibilidade insulina,2
valor nutricional,2
cha verde,2
correlacao pearson,2
escherichia coli,2
escolaridade materna,2
transtornos alimentares,2
hospital universitario,2
superoxido dismutase,2
grau processamento,2
ensaios clinicos,2
kruskal wallis,2
estudantes universitarios,2
leite humano,2
processo inflamatorio,2
soro leite,2
ambiente escolar,2
sistema nervoso,2
oleo peixe,2
analise fatorial,2
esteatose hepatica,2
hipovitaminose d,2
exames bioquimicos,2
peso gestacional,2
classificacao nova,2
composicao quimica,2
hdl colesterol,2
ldl colesterol,2
legumes verduras,2
azeite oliva,2
bioimpedancia eletrica,2
efeitos suplementacao,2
registro alimentar,2
bebidas acucaradas,2
condicoes socioeconomicas,2
dados socioeconomicos,2
ingestao dietetica,2
oleo essencial,2
perfil nutricional,2
tratamento obesidade,2
anti inflamatorio,2
atividade antimicrobiana,2
baixa renda,2
inatividade fisica,2
indice adiposidade,2
ingestao calorica,2
recem nascidos,2
recordatorios 24,2
servicos saude,2
densidade mineral,2
oleos essenciais,2
comportamentos alimentares,2
compulsao alimentar,2
seres humanos,2
teste tukey,2
carotenoides totais,2
fatores sociodemograficos,2
obesidade central,2
pessoas idosas,2
ingestao alimentos,2
materno infantil,2
sintomas ansiedade,2
terapia intensiva,2
variaveis socioeconomicas,2
produtos alimenticios,2
metabolismo lipidico,2
restricao proteica,2
estado civil,2
producao alimentos,2
estudo caso,2
manipuladores alimentos,2
staphylococcus aureus,2
trato gastrointestinal,2
composicao microbiota,2
consumo energetico,2
consumo excessivo,2
expressao genes,2
leite derivados,2
niveis plasmaticos,2
origem animal,2
consumo calorico,2
correlacao spearman,2
ministerio saude,2
perfil metabolico,2
raios x,2
salario minimo,2
acesso alimentos,2
amostra probabilistica,2
belo horizonte,2
compra alimentos,2
estado saude,2
estatisticamente significativa,2
meta analise,2
permeabilidade intestinal,2
pre escolares,2
salmonella spp,2
shapiro wilk,2
tecido hepatico,2
vitamina b12,2
acidez titulavel,2
acoes educacao,2
alta hospitalar,2
estatistica descritiva,2
marcadores bioquimicos,2
maturacao sexual,2
acido ascorbico,2
analises bioquimicas,2
carne bovina,2
criterios glim,2
funcao renal,2
industria alimentos,2
circunferencia abdominal,2
disponibilidade alimentos,2
gordura abdominal,2
systematic reviews,2
venda alimentos,2
vulnerabilidade social,2
circunferencia panturrilha,2
citocinas pro,2
delineamento transversal,2
fatores socioeconomicos,2
grupos focais,2
literatura cientifica,2
salarios minimos,2
saude intestinal,2
acompanhamento nutricional,2
insatisfacao imagem,2
pre operatorio,2
recordatorio alimentar,2
diagnostico desnutricao,2
estudo intervencao,2
glutationa peroxidase,2
ingredientes culinarios,2
insatisfacao corporal,2
pacientes adultos,2
perfil bioquimico,2
servicos alimentacao,2
transtornos mentais,2
balanco energetico,2
caracteristicas sensoriais,2
dieta hipoproteica,2
ingestao energetica,2
populacao idosa,2
questionario semiestruturado,2
recem nascido,2
disturbios metabolicos,2
estado inflamatorio,2
interleucina 6,2
meio ambiente,2
nutricao enteral,2
pacientes criticos,2
tempo tela,2
validacao conteudo,2
alimentos organicos,2
entrevistas semiestruturadas,2
estatisticamente significativas,2
necrose tumoral,2
pos colheita,2
restricao calorica,2
vigilancia sanitaria,2
controle peso,2
desenvolvimento infantil,2
educacao saude,2
expressao proteica,2
gordura total,2
marcadores estresse,2
pais responsaveis,2
tecidos adiposos,2
treinamento forca,2
anti inflamatorias,2
atencao saude,2
calorimetria indireta,2
camundongos swiss,2
dieta cetogenica,2
dobras cutaneas,2
inflamacao cronica,2
massa ossea,2
testes t,2
zona urbana,2
acesso alimentacao,2
circunferencia braco,2
habito alimentar,2
indices antropometricos,2
ingestao diaria,2
nivel escolaridade,2
obesidade sarcopenica,2
padrao consumo,2
poli insaturados,2
suplementacao vitamina,2
analise documental,2
desmame precoce,2
doenca cardiovascular,2
informacao nutricional,2
ingestao proteica,2
intervencoes nutricionais,2
obesidade infantil,2
primeira infancia,2
amido resistente,2
camundongos c57bl,2
exercicios fisicos,2
fibras alimentares,2
ingestao energia,2
metabolismo glicose,2
obesidade grave,2
perfil inflamatorio,2
revisoes sistematicas,2
sintomas depressao,2
suplementacao oleo,2
amostra representativa,2
anti inflamatorios,2
habilidades culinarias,2
higienico sanitarias,2
ingestao calcio,2
internacao hospitalar,2
ldl colesterol,2
qualidade microbiologica,2
terapia interdisciplinar,2
vida prateleira,2
alimentos regionais,2
baixa ingestao,2
citocinas inflamatorias,2
dados demograficos,2
estudo experimental,2
fatores ambientais,2
itens alimentares,2
metabolismo energetico,2
qualidade muscular,2
abordagem quantitativa,2
adiposidade abdominal,2
cuidado nutricional,2
indice glicemico,2
ingestao nutrientes,2
pacientes idosos,2
saude ossea,2
aditivos alimentares,2
agricultores familiares,2
baixa escolaridade,2
classe economica,2
coliformes totais,2
dieta materna,2
equacoes preditivas,2
exposicao solar,2
idosos institucionalizados,2
indice tyg,2
insulina homa,2
listeria monocytogenes,2
marcadores alimentacao,2
caracteristicas nutricionais,2
caso controle,2
estudo clinico,2
gordura trans,2
impedancia bioeletrica,2
suco uva,2
transversal analitico,2
triagem nutricional,2
variancia robusta,2
via oral,2
25 hidroxivitamina,2
apoio social,2
estudos epidemiologicos,2
informacoes sociodemograficas,2
l monocytogenes,2
lactobacillus acidophilus,2
oleo chia,2
