AN_BASE,NM_ENTIDADE_ENSINO,CD_PROGRAMA,NM_PRODUCAO,NM_SUBTIPO_PRODUCAO,DS_PALAVRA_CHAVE,NM_REGIAO,SG_UF_IES,CD_AREA_CONHECIMENTO,NR_PAGINAS,DS_RESUMO,NM_GRAU_ACADEMICO
2012,UNIVERSIDADE FEDERAL DE ALAGOAS,26001012020P4,"EFICÁCIA DO SURURU (Myrtella falcata) NA RECUPERAÇÃO DE CRIANÇAS DESNUTRIDAS, MORADORAS DE FAVELAS - MACEIÓ-AL",Mestrado,...,NORDESTE,AL,40500004,100,...,MESTRADO
2012,UNIVERSIDADE FEDERAL DE SÃO PAULO,33009015041P2,ESTADO NUTRICIONAL E O CONSUMO DE ÁCIDOS GRAXOS SATURADOS E TRANS PROVENIENTES DE LANCHES DE PRÉ-ESCOLARES,Mestrado,"acidos graxos, nutrição escolar",SUDESTE,SP,40500004,56,ESTADO NUTRICIONAL E O CONSUMO DE ÁCIDOS GRAXOS SATURADOS E TRANS PROVENIENTES DE LANCHES DE PRÉ-ESCOLARES,MESTRADO
2012,UNIVERSIDADE FEDERAL DE SÃO PAULO,33009015041P2,EFEITOS DA GALATO-3-EPIGALOCATEQUINA SOBRE O PERFIL INFLAMATÓRIO DO TECIDO ADIPOSO MESENTÉRICO DE CAMUNDONGOS TRATADOS COM DIETA HIPERLIPÍDICA,Mestrado,GALATO-3-EPIGALOCATEQUINA,SUDESTE,SP,40500004,109,EFEITOS DA GALATO-3-EPIGALOCATEQUINA SOBRE O PERFIL INFLAMATÓRIO DO TECIDO ADIPOSO MESENTÉRICO DE CAMUNDONGOS TRATADOS COM DIETA HIPERLIPÍDICA,MESTRADO
2012,UNIVERSIDADE FEDERAL DE SÃO PAULO,33009015041P2,ESTADO NUTRICIONAL E PREVALÊNCIA DE ANEMIA NA AMAZÔNIA,Mestrado,"anemia, Amazônia",SUDESTE,SP,40500004,98,ESTADO NUTRICIONAL E PREVALÊNCIA DE ANEMIA NA AMAZÔNIA,MESTRADO
2012,UNIVERSIDADE FEDERAL DE SÃO PAULO,33009015041P2,"Percepção e Satisfação com o Estado Nutricional, Comportamento e Práticas Alimentares de Mães e Seus Filhos",Doutorado,"criança, mãe, Interação mãe-filho, Estado nutricional",SUDESTE,SP,40500004,126,"Percepção e Satisfação com o Estado Nutricional, Comportamento e Práticas Alimentares de Mães e Seus Filhosxxx",DOUTORADO
2013,UNIVERSIDADE FEDERAL DE SÃO PAULO,33009015041P2,"EXPRESSÃO DO FATOR DE CRESCIMENTO DE FIBROBLASTO 23 (FGF-23), DO RECEPTOR DE VITAMINA D (VDR) E DE ESCLEROTINA (SOST) EM TECIDO ÓSSEO DE PACIENTES LITIÁSICOS HIPERCALCIÚRICOS",TESE,"EXPRESSÃO DO FATOR DE CRESCIMENTO DE FIBROBLASTO 23 (FGF-23), DO RECEPTOR DE VITAMINA D (VDR) E DE ESCLEROTINA (SOST) EM TECIDO ÓSSEO DE PACIENTES LITIÁSICOS HIPERCALCIÚRICOS",SUDESTE,SP,40500004,0,"EXPRESSÃO DO FATOR DE CRESCIMENTO DE FIBROBLASTO 23 (FGF-23), DO RECEPTOR DE VITAMINA D (VDR) E DE ESCLEROTINA (SOST) EM TECIDO ÓSSEO DE PACIENTES LITIÁSICOS HIPERCALCIÚRICOS",DOUTORADO
2013,UNIVERSIDADE FEDERAL DE SÃO PAULO,33009015041P2,CAPACIDADE DE INGESTÃO MÁXIMA DE ÁGUA E INTOLERÂNCIA À FRUTOSE EM CRIANÇAS E ADOLESCENTES COM DOR ABDOMINAL CRÔNICA,DISSERTAÇÃO,CAPACIDADE DE INGESTÃO MÁXIMA DE ÁGUA E INTOLERÂNCIA À FRUTOSE EM CRIANÇAS E ADOLESCENTES COM DOR ABDOMINAL CRÔNICA,SUDESTE,SP,40500004,0,CAPACIDADE DE INGESTÃO MÁXIMA DE ÁGUA E INTOLERÂNCIA À FRUTOSE EM CRIANÇAS E ADOLESCENTES COM DOR ABDOMINAL CRÔNICA,MESTRADO
2013,UNIVERSIDADE FEDERAL DE SÃO PAULO,33009015041P2,COMPARAÇÃO DOS EFEITOS DO BICARBONATO DE SÓDIO COM O CITRATO DE POTÁSSIO EM PACIENTES LITIÁSICOS HIPOCITRATÚRICOS,DISSERTAÇÃO,COMPARAÇÃO DOS EFEITOS DO BICARBONATO DE SÓDIO COM O CITRATO DE POTÁSSIO EM PACIENTES LITIÁSICOS HIPOCITRATÚRICOS,SUDESTE,SP,40500004,0,COMPARAÇÃO DOS EFEITOS DO BICARBONATO DE SÓDIO COM O CITRATO DE POTÁSSIO EM PACIENTES LITIÁSICOS HIPOCITRATÚRICOS,MESTRADO
2013,UNIVERSIDADE FEDERAL DE SÃO PAULO,33009015041P2,COMPORTAMENTO ALIMENTAR DE ADOLESCENTES OBESOS MATRICULADOS EM ESCOLAS PÚBLICAS DA CIDADE DE SÃO PAULO,TESE,COMPORTAMENTO ALIMENTAR DE ADOLESCENTES OBESOS MATRICULADOS EM ESCOLAS PÚBLICAS DA CIDADE DE SÃO PAULO,SUDESTE,SP,40500004,0,COMPORTAMENTO ALIMENTAR DE ADOLESCENTES OBESOS MATRICULADOS EM ESCOLAS PÚBLICAS DA CIDADE DE SÃO PAULO,DOUTORADO
2013,UNIVERSIDADE FEDERAL DE SÃO PAULO,33009015041P2,COMPORTAMENTO DE DESEMPENHO PSICOMOTOR EM INDIVIDUOS PORTADORES DA SÍNDROME DA APNEIA OBSTRUTIVA DO SONO (SAOS),DISSERTAÇÃO,TESE NÃO ENVIADA À BIBLIOTECA OU AINDA NÃO CATALOGADA.,SUDESTE,SP,40500004,10,TESE NÃO ENVIADA À BIBLIOTECA OU AINDA NÃO CATALOGADA.,MESTRADO
2013,UNIVERSIDADE FEDERAL DE SÃO PAULO,33009015041P2,EFEITO DA SUPLEMENTAÇÃO DE PREBIÓTICOS SOBRE OS FATOREAS REGULADORES DA ABSORÇÃO DE FERRO EM RATOS ANÊMICOS EM FASE DE CRESCIMENTO,TESE,EFEITO DA SUPLEMENTAÇÃO DE PREBIÓTICOS SOBRE OS FATOREAS REGULADORES DA ABSORÇÃO DE FERRO EM RATOS ANÊMICOS EM FASE DE CRESCIMENTO,SUDESTE,SP,40500004,0,EFEITO DA SUPLEMENTAÇÃO DE PREBIÓTICOS SOBRE OS FATOREAS REGULADORES DA ABSORÇÃO DE FERRO EM RATOS ANÊMICOS EM FASE DE CRESCIMENTO,DOUTORADO
2013,UNIVERSIDADE FEDERAL DE SÃO PAULO,33009015041P2,EFEITO DO TRATAMENTO PROLONGADO DE GALATO-3-EPIGALOCATEQUINA SOBRE O TEOR HIPOTALÂMICO DE PROTEÍNAS RELACIONADAS AO CONTROLE DA INGESTÃO ALIMENTAR: ANÁLISE DAS VIAS DO SISTEMA SEROTONÉRGICO E DA INFLAMAÇÃO,DISSERTAÇÃO,EFEITO DO TRATAMENTO PROLONGADO DE GALATO-3-EPIGALOCATEQUINA SOBRE O TEOR HIPOTALÂMICO DE PROTEÍNAS RELACIONADAS AO CONTROLE DA INGESTÃO ALIMENTAR: ANÁLISE DAS VIAS DO SISTEMA SEROTONÉRGICO E DA INFLAMAÇÃO,SUDESTE,SP,40500004,0,EFEITO DO TRATAMENTO PROLONGADO DE GALATO-3-EPIGALOCATEQUINA SOBRE O TEOR HIPOTALÂMICO DE PROTEÍNAS RELACIONADAS AO CONTROLE DA INGESTÃO ALIMENTAR: ANÁLISE DAS VIAS DO SISTEMA SEROTONÉRGICO E DA INFLAMAÇÃO,MESTRADO
2013,UNIVERSIDADE FEDERAL DE SÃO PAULO,33009015041P2,EFEITO DOS HORMÔNIOS TIREOIDIANOS SOBRE OS MECANISMOS INTRACELULARES ENVOLVIDOS COM O DESENVOLVIMENTO DE RESISTÊNCIA À INSULINA,TESE,EFEITO DOS HORMÔNIOS TIREOIDIANOS SOBRE OS MECANISMOS INTRACELULARES ENVOLVIDOS COM O DESENVOLVIMENTO DE RESISTÊNCIA À INSULINA,SUDESTE,SP,40500004,0,EFEITO DOS HORMÔNIOS TIREOIDIANOS SOBRE OS MECANISMOS INTRACELULARES ENVOLVIDOS COM O DESENVOLVIMENTO DE RESISTÊNCIA À INSULINA,DOUTORADO
2013,UNIVERSIDADE FEDERAL DE SÃO PAULO,33009015041P2,O EFEITO DOS FATORES AMBIENTAIS SOBRE A PRÁTICA DE ATIVIDADE FÍSICA DE MULHERES MORADORAS DO MUNICÍPIO DE SANTOS - SP,DISSERTAÇÃO,O EFEITO DOS FATORES AMBIENTAIS SOBRE A PRÁTICA DE ATIVIDADE FÍSICA DE MULHERES MORADORAS DO MUNICÍPIO DE SANTOS - SP,SUDESTE,SP,40500004,0,O EFEITO DOS FATORES AMBIENTAIS SOBRE A PRÁTICA DE ATIVIDADE FÍSICA DE MULHERES MORADORAS DO MUNICÍPIO DE SANTOS - SP,MESTRADO
2013,UNIVERSIDADE FEDERAL DE SÃO PAULO,33009015041P2,"RESISTÊNCIA A INSULINA EM CRIANÇAS E ADOLESCENTES OBESOS: RELAÇÃO COM VARIÁVEIS CLÍNICAS, BIOQUÍMICAS E ANTROPOMÉTRICAS",TESE,"RESISTÊNCIA A INSULINA EM CRIANÇAS E ADOLESCENTES OBESOS: RELAÇÃO COM VARIÁVEIS CLÍNICAS, BIOQUÍMICAS E ANTROPOMÉTRICAS",SUDESTE,SP,40500004,0,"RESISTÊNCIA A INSULINA EM CRIANÇAS E ADOLESCENTES OBESOS: RELAÇÃO COM VARIÁVEIS CLÍNICAS, BIOQUÍMICAS E ANTROPOMÉTRICAS",DOUTORADO
2013,UNIVERSIDADE FEDERAL DE SÃO PAULO,33009015041P2,"PRIORIDADES NA EXECUÇÃO DE AÇÕES TÉCNICO-ADMINISTRATIVAS RELEVANTES NA GERAÇÃO DE SOBRAS EM UNIDADES DE ALIMENTAÇÃO E NUTRIÇÃO: INFLUÊNCIA DO TIPO DE GESTÃO, PRÓPRIA OU TERCEIRIZADA, DO TIPO DE CONTRATO E DA ATIVIDADE-FIM DA EMPRESA TOMADORA DE SERVIÇO",TESE,"PRIORIDADES NA EXECUÇÃO DE AÇÕES TÉCNICO-ADMINISTRATIVAS RELEVANTES NA GERAÇÃO DE SOBRAS EM UNIDADES DE ALIMENTAÇÃO E NUTRIÇÃO: INFLUÊNCIA DO TIPO DE GESTÃO, PRÓPRIA OU TERCEIRIZADA, DO TIPO DE CONTRATO E DA ATIVIDADE-FIM DA EMPRESA TOMADORA DE SERVIÇO",SUDESTE,SP,40500004,0,"PRIORIDADES NA EXECUÇÃO DE AÇÕES TÉCNICO-ADMINISTRATIVAS RELEVANTES NA GERAÇÃO DE SOBRAS EM UNIDADES DE ALIMENTAÇÃO E NUTRIÇÃO: INFLUÊNCIA DO TIPO DE GESTÃO, PRÓPRIA OU TERCEIRIZADA, DO TIPO DE CONTRATO E DA ATIVIDADE-FIM DA EMPRESA TOMADORA DE SERVIÇO",DOUTORADO
2013,UNIVERSIDADE FEDERAL DE SÃO PAULO,33009015041P2,HÁBITOS ALIMENTARES E CONDIÇÃO NUTRICIONAL DE ADOLESCENTES QUE FREQUENTAM UMA ESCOLA PARTICULAR NA CIDADE DE SÃO PAULO,DISSERTAÇÃO,HÁBITOS ALIMENTARES E CONDIÇÃO NUTRICIONAL DE ADOLESCENTES QUE FREQUENTAM UMA ESCOLA PARTICULAR NA CIDADE DE SÃO PAULO,SUDESTE,SP,40500004,0,HÁBITOS ALIMENTARES E CONDIÇÃO NUTRICIONAL DE ADOLESCENTES QUE FREQUENTAM UMA ESCOLA PARTICULAR NA CIDADE DE SÃO PAULO,MESTRADO
2013,UNIVERSIDADE FEDERAL DE SÃO PAULO,33009015041P2,"IMPACTO DO ATENDIMENTO AMBULATORIAL EM GRUPO, QUANTO À ORIENTAÇÃO PARA A PRÁTICA DE ATIVIDADE FÍSICA, NO TRATAMENTO DE SOBREPESO E OBESIDADE EM ADOLESCENTES",DISSERTAÇÃO,"IMPACTO DO ATENDIMENTO AMBULATORIAL EM GRUPO, QUANTO À ORIENTAÇÃO PARA A PRÁTICA DE ATIVIDADE FÍSICA, NO TRATAMENTO DE SOBREPESO E OBESIDADE EM ADOLESCENTES",SUDESTE,SP,40500004,0,"IMPACTO DO ATENDIMENTO AMBULATORIAL EM GRUPO, QUANTO À ORIENTAÇÃO PARA A PRÁTICA DE ATIVIDADE FÍSICA, NO TRATAMENTO DE SOBREPESO E OBESIDADE EM ADOLESCENTES",MESTRADO
2013,UNIVERSIDADE FEDERAL DE SÃO PAULO,33009015041P2,"INVESTIGAÇÃO DE UM NOVO ALIMENTOS FUNCIONAL, COACERVADO A BASE DE PROTEÍNAS DO SORO DE QUEIJO E QUITOSANA, NA MODULAÇÃO DO TECIDO ADIPOSO MESENTÉRICO EM CAMUNDONGOS",TESE,"INVESTIGAÇÃO DE UM NOVO ALIMENTOS FUNCIONAL, COACERVADO A BASE DE PROTEÍNAS DO SORO DE QUEIJO E QUITOSANA, NA MODULAÇÃO DO TECIDO ADIPOSO MESENTÉRICO EM CAMUNDONGOS",SUDESTE,SP,40500004,0,"INVESTIGAÇÃO DE UM NOVO ALIMENTOS FUNCIONAL, COACERVADO A BASE DE PROTEÍNAS DO SORO DE QUEIJO E QUITOSANA, NA MODULAÇÃO DO TECIDO ADIPOSO MESENTÉRICO EM CAMUNDONGOS",DOUTORADO
2013,UNIVERSIDADE FEDERAL DE SÃO PAULO,33009015041P2,O EFEITO DAS COMORBIDADES NO SONO DE PACIENTES IDOSOS INDEPENDENTES,DISSERTAÇÃO,O EFEITO DAS COMORBIDADES NO SONO DE PACIENTES IDOSOS INDEPENDENTES,SUDESTE,SP,40500004,0,O EFEITO DAS COMORBIDADES NO SONO DE PACIENTES IDOSOS INDEPENDENTES,MESTRADO
2013,UNIVERSIDADE FEDERAL DE OURO PRETO,32007019022P2,INFLUÊNCIA TEMPORAL DO EXERCÍCIO AERÓBICO E DA HIPERTENSÃO RENOVASCULAR 2R1C EM RATOS SOBRE PARÂMETROS CARDIOVASCULARES E RENAIS POR ATÉ DEZ SEMANAS,DISSERTAÇÃO,-,SUDESTE,MG,40500004,0,-,MESTRADO
2014,UNIVERSIDADE DE BRASÍLIA,53001010049P2,AVALIAÇÃO DA CONTAMINAÇÃO POR GLÚTEN EM ALIMENTOS ISENTOS DE GLÚTEN COMERCIALIZADOS EM PANIFICADORAS,DISSERTAÇÃO,INSERIR,CENTRO-OESTE,DF,40500004,0,INSERIR,MESTRADO
2014,UNIVERSIDADE FEDERAL DE SÃO PAULO,33009015041P2,ORIENTAÇÃO E SUPLEMENTAÇÃO NUTRICIONAL PÓS ALTA HOSPITALAR IMPACTANDO NA RECUPERAÇÃO DO ESTADO NUTRICIONAL DE PACIENTES SUBMETIDOS À REVASCULARIZAÇÃO DO MIOCÁRDIO,DISSERTAÇÃO,ORIENTAÇÃO E SUPLEMENTAÇÃO NUTRICIONAL PÓS ALTA HOSPITALAR IMPACTANDO NA RECUPERAÇÃO DO ESTADO NUTRICIONAL DE PACIENTES SUBMETIDOS À REVASCULARIZAÇÃO DO MIOCÁRDIO,SUDESTE,SP,40500004,0,ORIENTAÇÃO E SUPLEMENTAÇÃO NUTRICIONAL PÓS ALTA HOSPITALAR IMPACTANDO NA RECUPERAÇÃO DO ESTADO NUTRICIONAL DE PACIENTES SUBMETIDOS À REVASCULARIZAÇÃO DO MIOCÁRDIO,MESTRADO
2014,UNIVERSIDADE FEDERAL DE OURO PRETO,32007019022P2,"PREDIÇÃO DAS CONCENTRAÇÕES PLASMÁTICAS DE IL-1&#946;, IL-6 E TNF-&#945; POR AGRUPAMENTOS DE FATORES DE RISCO CARDIOVASCULAR EM ADOLESCENTES",DISSERTAÇÃO,-,SUDESTE,MG,40500004,0,-,MESTRADO
2014,UNIVERSIDADE FEDERAL DE OURO PRETO,32007019022P2,"UTILIZAÇÃO DA UNIDADE DE PRONTO ATENDIMENTO DE OURO PRETO, MINAS GERAIS, 2012",DISSERTAÇÃO,-,SUDESTE,MG,40500004,0,-,MESTRADO
2014,UNIVERSIDADE FEDERAL DE OURO PRETO,32007019022P2,ANGIOTENSINA II E ANGIOTENSINA 1-7: AÇÃO ANORÉXICA CENTRAL EM RATOS PRIVADOS DE ALIMENTOS,DISSERTAÇÃO,ANGIOTENSINA,SUDESTE,MG,40500004,0,ANGIOTENSINA II E ANGIOTENSINA 1-7: AÇÃO ANORÉXICA CENTRAL EM RATOS PRIVADOS DE ALIMENTOS,MESTRADO
2014,UNIVERSIDADE FEDERAL DE OURO PRETO,32007019022P2,AVALIAÇÃO DO POTENCIAL ANTIOXIDANTE DA FARINHA DE BURITI (MAURITIA FLEXUOSA) IN VITRO EM RATOS DIABÉTICOS,DISSERTAÇÃO,-,SUDESTE,MG,40500004,0,-,MESTRADO
2014,UNIVERSIDADE FEDERAL DE OURO PRETO,32007019022P2,BIOMARCADORES INFLAMATÓRIOS EM INDIVÍDUOS ADULTOS COM SOBREPESO E OBESIDADE,DISSERTAÇÃO,-,SUDESTE,MG,40500004,0,-,MESTRADO
2015,UNIVERSIDADE ESTADUAL DE CAMPINAS/LIMEIRA,33003025002P4,TREINAMENTO COM JOGOS: A IMPORTÂNCIA DAS REGRAS E DA DIMENSÃO DOS CAMPOS NAS VARIÁVEIS FÍSICAS E NA MOVIMENTAÇÃO DOS JOGADORES DE FUTEBOL DURANTE OS TREINAMENTOS,DISSERTAÇÃO,-,SUDESTE,SP,40500004,0,-,MESTRADO
2015,UNIVERSIDADE ESTADUAL DE CAMPINAS/LIMEIRA,33003025002P4,EFEITO DA SUPLEMENTAÇÃO ORAL DE GLUTAMINA SOBRE O PERFIL SÉRICO DE AMINOÁCIDOS DE CADEIA RAMIFICADA EM INDIVÍDUOS COM SOBREPESO E OBESIDADE,DISSERTAÇÃO,-,SUDESTE,SP,40500004,0,-,MESTRADO
2015,UNIVERSIDADE ESTADUAL DE CAMPINAS/LIMEIRA,33003025002P4,OBESIDADE MATERNA NA GESTAÇÃO E/OU LACTAÇÃO: IMPACTO SOBRE O METABOLISMO LIPÍDICO E SENSIBILIDADE À DIETA HIPERLIPÍDICA NA PROLE,DISSERTAÇÃO,-,SUDESTE,SP,40500004,0,-,MESTRADO
2015,UNIVERSIDADE ESTADUAL DE CAMPINAS/LIMEIRA,33003025002P4,ENVOLVIMENTO DOS RECEPTORES TRPV1 E TRPA1 NA HIPERALGESIA MUSCULAR INDUZIDA POR CONTRAÇÃO ISOMÉTRICA SUSTENTADA NO MUSCULO GASTROCNÊMIO DE RATOS,DISSERTAÇÃO,"DOR MUSCULAR, CONTRAÇÃO ISOMÉTRICA SUSTENTADA, RECEPTORES TRPV1 E TRPA1",SUDESTE,SP,40500004,0,-,MESTRADO
2015,UNIVERSIDADE ESTADUAL DE CAMPINAS/LIMEIRA,33003025002P4,INIBIÇÃO DO CRESCIMENTO DE CÉLULAS LEUCÊMICAS HUMANAS POR RIPARINAS,DISSERTAÇÃO,-,SUDESTE,SP,40500004,0,-,MESTRADO
2015,UNIVERSIDADE FEDERAL DE SANTA CATARINA,41001010049P9,"ALIMENTOS ULTRAPROCESSADOS DIRECIONADOS A CRIANÇAS: DISPONIBILIDADE, INFORMAÇÃO NUTRICIONAL COMPLEMENTAR E OPINIÃO DE CONSUMIDORES INFANTIS",DISSERTAÇÃO,EM BREVE,SUL,SC,40500004,0,EM BREVE,MESTRADO
2016,UNIVERSIDADE FEDERAL DE OURO PRETO,32007019022P2,FATORES SOCIODEMOGRÁFICOS ASSOCIADOS AO USO DE SERVIÇOS ODONTOLÓGICOS PELA POPULAÇÃO RURAL BRASILEIRA,DISSERTAÇÃO,SOCIODEMOGRÁFICAS,SUDESTE,MG,40500004,0,CARACTERÍSTICAS SOCIODEMOGRÁFICAS ESTÃO ASSOCIADAS.,MESTRADO
2016,UNIVERSIDADE FEDERAL DE SANTA CATARINA,41001010049P9,PARÂMETROS DA BIOIMPEDÂNCIA ELÉTRICA: ACURAÇÃO DIAGNÓTICA PARA AVALIAÇÃO DA DESNUTRIÇÃO DE PACIENTES EM HEMODIÁLISE,DISSERTAÇÃO,.,SUL,SC,40500004,0,.,MESTRADO
2016,UNIVERSIDADE FEDERAL DE SANTA CATARINA,41001010049P9,SOBREPESO E OBESIDADE E ASSOCIAÇÃO COM BULLYING EM ESCOLARES DO MUNICÍPIO DE FLORIANÓPOLIS-SC,TESE,.,SUL,SC,40500004,0,.,DOUTORADO
2016,UNIVERSIDADE FEDERAL DE SANTA CATARINA,41001010049P9,FATORES ASSOCIADOS AO COMPROMETIMENTO DA CIRCUNFERÊNCIA DO BRAÇO EM PACIENTES PEDIÁTRICOS GRAVES EM VENTILAÇÃO MECÂNICA,DISSERTAÇÃO,.,SUL,SC,40500004,0,.,MESTRADO
2016,UNIVERSIDADE FEDERAL DE SANTA CATARINA,41001010049P9,IDENTIFICAÇÃO E CLASSIFICAÇÃO DOS ITENS ALIMENTARES DE UM QUESTIONÁRIO DE CONSUMO ALIMENTAR BASEADO NA WEB POR ESCOLARES DO 2º AO 5] ANO DO ENSINO FUNDAMENTAL,DISSERTAÇÃO,.,SUL,SC,40500004,0,.,MESTRADO
2016,UNIVERSIDADE FEDERAL DE SANTA CATARINA,41001010049P9,"EFEITO DA INGESTÃO DE MATE SOLÚVEL (ILEX PARAGUARIENSIS) EM MARCADORES DE ESTRESSE OXIDATIVO, PERFIL GLICÊMICO E COMPOSIÇÃO COPORAL DE ADOLESCENTES: ENSAIO CLÍNICO, CONTROLADO E RANDOMIZADO",DISSERTAÇÃO,.,SUL,SC,40500004,0,.,MESTRADO
2016,UNIVERSIDADE FEDERAL DE SANTA CATARINA,41001010049P9,EFEITO DE RESTRIÇÃO CALÓRICA SOBRE PARÂMETROS COMPORTAMENTAIS EM RATOS WISTAR MACHOS,DISSERTAÇÃO,.,SUL,SC,40500004,0,.,MESTRADO
2016,UNIVERSIDADE FEDERAL DE SANTA CATARINA,41001010049P9,NOTIFICAÇÃO DOS AÇÚCARES DE ADIÇÃO EM RÓTULOS DE ALIMENTOS INDUSTRIALIZADOS COMERCIALIZADOS NO BRASIL,DISSERTAÇÃO,.,SUL,SC,40500004,0,.,MESTRADO
2016,UNIVERSIDADE FEDERAL DE SÃO PAULO,33009015041P2,RESPOSTA À EXPOSIÇÃO AGUDA AO EXERCÍCIO FÍSICO MODERADO NA CONDIÇÃO DE HIPÓXIA SOBRE O CONTROLE AUTONÔMICO CARDÍACO,DISSERTAÇÃO,"HIPÓXIA, ALTITUDE, SONO, CONTROLE AUTONÔMICO CARDÍACO, EXERCÍCIO MODERADO",SUDESTE,SP,40500004,0,RESPOSTA À EXPOSIÇÃO AGUDA AO EXERCÍCIO FÍSICO MODERADO NA CONDIÇÃO DE HIPÓXIA SOBRE O CONTROLE AUTONÔMICO CARDÍACO,MESTRADO
2016,UNIVERSIDADE FEDERAL DE SÃO PAULO,33009015041P2,DIETA RESTRITIVA MATERNA E COMPORTAMENTO DA MÃE DURANTE AS REFEIÇÕES DOS SEUS FILHOS,DISSERTAÇÃO,X,SUDESTE,SP,40500004,0,X,MESTRADO
2016,UNIVERSIDADE FEDERAL DE SÃO PAULO,33009015041P2,ANÁLISE DA REGULAÇÃO NEUROENDÓCRINA DO BALANÇO ENERGÉTICO E FATORES INFLAMATÓRIOS EM INDIVÍDUOS SUBMETIDOS À CIRURGIA BARIÁTRICA,TESE,AAAAAAAAA;AAAAAAAAAAA;AAAAAAAAAAAAA;AAAAAAAAAA,SUDESTE,SP,40500004,0,XXXXXXXXXXXXXXXXXXXXXXXXXXX VVVVVVVVVVVVVVVVVVVVVV,DOUTORADO
2017,UNIVERSIDADE FEDERAL DE VIÇOSA,32002017024P3,"CONSUMO DE REFRIGERANTES, DOCES E AÇÚCARES DE ADIÇÃO E PREVALÊNCIA DE DEPRESSÃO EM GRADUADOS BRASILEIROS (PROJETO CUME)",DISSERTAÇÃO,DEPRESSÃO;PREVALÊNCIA;CONSUMO ALIMENTAR;BEBIDA CARBONATADA;ESTILO DE VIDA,SUDESTE,MG,40500004,100,XXXXX,MESTRADO
2017,UNIVERSIDADE FEDERAL DO RIO DE JANEIRO,31001017084P7,"FATORES PREDITORES DE ANEMIA EM PACIENTES AMBULATORIAIS COM RETOCOLITE ULCERATIVA, ACOMPANHADOS EM UM HOSPITAL UNIVERSITÁRIO NA REGIÃO SUDESTE DO BRASIL",DISSERTAÇÃO,A INSERIR,SUDESTE,RJ,40500004,100,A INSERIR,MESTRADO
2017,UNIVERSIDADE FEDERAL DA BAHIA,28001010047P9,ZINCO E DEPRESSÃO: REVISÃO SISTEMÁTICA E METANÁLISE,DISSERTAÇÃO,.,NORDESTE,BA,40500004,80,.,MESTRADO
2017,UNIVERSIDADE FEDERAL DE SANTA CATARINA,41001010049P9,ASSOCIAÇÃO DE COMPONENTES DIAGNÓSTICOS DA SINDROME METABÓLICA À VITAMINA D E A PROTEINA C-REATIVA NA POPULAÇÃO ADULTA DE FLORIANÓPOLIS: ESTUDO EPIFLORIPA,DISSERTAÇÃO,EMBREVE,SUL,SC,40500004,0,.,MESTRADO
2017,UNIVERSIDADE FEDERAL DE SANTA CATARINA,41001010049P9,AVALIAÇÃO DA REPRESENTATIVIDADE DOS ALIMENTOS REGISTRADOS EM DIÁRIO ALIMENTAR POR ESCOLARES FRENTE AOS ITENS ALIMENTARES DO QUESTIONÁRIO WEBCAAFE,DISSERTAÇÃO,.,SUL,SC,40500004,0,.,MESTRADO
2017,UNIVERSIDADE FEDERAL DE SANTA CATARINA,41001010049P9,"EFEITO NOS SUPLEMENTAÇÃO DE ÁCIDOS GRAXOS POLI-INSATURADOS ÔMEGA-3 NOS MARCADORES DE INFLAMAÇÃO EM INDIVÍDUOS COM CÂNCER GÁSTRICO E COLORRETAL EM TRATAMENTO QUIMIOTERÁPICO: UM ENSAIO CLÍNICO, RANDOMIZADO, PLACEBO-CONTROLADOE E TRIPLO CEGO",DISSERTAÇÃO,.,SUL,SC,40500004,0,.,MESTRADO
2017,UNIVERSIDADE FEDERAL DE SANTA CATARINA,41001010049P9,"FATORES ASSOCIADOS COM OS PARÂMETROS DA IMPEDÂNCIA BIOELÉTRICA (BIA) EM CRIANÇAS E ADOLESCENTES QUE VIVEM COM HIV: ""SAÚDE POSITHIVA""",DISSERTAÇÃO,.,SUL,SC,40500004,0,.,MESTRADO
2017,UNIVERSIDADE FEDERAL DE SANTA CATARINA,41001010049P9,PROGRAMAS DE ALIMENTAÇÃO ESCOLAR NA AMÉRICA LATINA: ANÁLISE COMPARATIVA DO ATENDIMENTO A POVOS INDÍGENAS,DISSERTAÇÃO,.,SUL,SC,40500004,0,.,MESTRADO
2017,UNIVERSIDADE FEDERAL DE SANTA CATARINA,41001010049P9,"RELAÇÃO ENTRE DISFAGIA OROFARÍNGEA E O ESTADO NUTRICIONAL, VITAMINAS ANTIOXIDANTES E A RESPOSTA INFLAMATÓRIA EM ADULTOS E IDOSOS",DISSERTAÇÃO,.,SUL,SC,40500004,0,.,MESTRADO
2018,UNIVERSIDADE FEDERAL DE VIÇOSA,32002017024P3,"BIOMARCADORES INFLAMATÓRIOS PRECOCE DA DOENÇA CARDIOVASCULAR E SUA ASSOCIAÇÃO COM O ESTRESSE OXIDATIVO, DIETA HABITUAL E FATORES PSICOSSOCIAIS",DISSERTAÇÃO,INFLAMAÇÃO;RISCO CARDIOVASCULAR;ESTRESSE OCUPACIONAL;ALIMENTAÇÃO;ENFERMEIROS,SUDESTE,MG,40500004,100,XXXXXX,MESTRADO
2018,UNIVERSIDADE FEDERAL DE VIÇOSA,32002017024P3,PREVALÊNCIA DE SÍNDROME METABÓLICA E FATORES ASSOCIADOS EM ADULTOS DE VIÇOSA-MG: UM ESTUDO DE BASE POPULACIONAL,DISSERTAÇÃO,SÍNDROME METABÓLICA;PREVALÊNCIA;EXCESSO DE PESO;ÁCIDO ÚRICO;BASE POPULACIONAL,SUDESTE,MG,40500004,100,XXXX,MESTRADO
2018,UNIVERSIDADE FEDERAL DE GOIÁS,52001016044P4,ASSOCIAÇÃO ENTRE FLEXIBILIDADE DE TRONCO E FATORES DE RISCO CARDIOVASCULAR EM PARTICIPANTES DE EVENTO DE EDUCAÇÃO EM SAÚDE,DISSERTAÇÃO,DOENÇAS CARDIOVASCULARES;FATORES DE RISCO;FLEXIBILIDADE;RAZÃO CINTURA-ESTATURA;ADIPOSIDADE ABDOMINAL,CENTRO-OESTE,GO,40500004,54,"A FLEXIBILIDADE ESTÁ ASSOCIADA COM ALTERAÇÕES MÚSCULO-ESQUELÉTICO, E É PREDITOR PARA DIMINUIÇÃO DA ATIVIDADE FÍSICA, QUE EXPÕE O INDIVÍDUO AS DOENÇAS CARDIOVASCULARES. NO ENTANTO, AINDA NÃO SE SABE SOBRE A ASSOCIAÇÃO ENTRE FLEXIBILIDADE DE TRONCO E FATORES DE RISCO CARDIOVASCULAR (FRCV).",MESTRADO
2018,UNIVERSIDADE FEDERAL DE SANTA CATARINA,41001010049P9,ASSOCIAÇÃO ENTRE O CONSUMO DE PEIXES RICOS EM ÔMEGA-3 E SINTOMAS DEPRESSIVOS EM IDOSOS DE FLORIANÓPOLIS - SC,DISSERTAÇÃO,.,SUL,SC,40500004,0,.,MESTRADO
2018,UNIVERSIDADE FEDERAL DE SANTA CATARINA,41001010049P9,"ASSOCIAÇÃO ENTRE OS NÍVEIS SÉRICOS DE VITAMINA D E O DÉFICIT COGNITIVO EM IDOSOS DE FLORIANÓPOLIS, SANTA CATARINA - ESTUDO EPIFLORIPA",DISSERTAÇÃO,.,SUL,SC,40500004,0,.,MESTRADO
2018,UNIVERSIDADE FEDERAL DE SANTA CATARINA,41001010049P9,"COMPORTAMENTO CULINÁRIO DE ESTUDANTES INGRESSANTES DE UMA UNIVERSIDADE PÚBLICA BRASILEIRA: RELAÇÃO COM CARACTERÍSTICAS SOCIODEMOGRÁFICAS, ALIMENTARES E CULINÁRIAS",DISSERTAÇÃO,.,SUL,SC,40500004,0,.,MESTRADO
2018,UNIVERSIDADE FEDERAL DE SANTA CATARINA,41001010049P9,"CONSUMO ALIMENTAR DE ESCOLARES DO 2º AO 5º ANO DA REDE PÚBLICA DE ENSINO DE FLORIANÓPOLIS, SC: 2013 - 2015",DISSERTAÇÃO,.,SUL,SC,40500004,0,.,MESTRADO
2018,UNIVERSIDADE FEDERAL DE SANTA CATARINA,41001010049P9,FRUTO JUÇARA (EUTERPE EDULIS): PROPRIEDADES BIOLÓGICAS E EFEITO DA INGESTÃO AGUDA SOBRE A BIODISPONIBILIDADE DE ÁCIDOS FENÓLICOS E BIOMARCADORES DE ESTRESSE OXIDATIVO EM INDIVÍDUOS SAUDÁVEIS,TESE,.,SUL,SC,40500004,0,.,DOUTORADO
2018,UNIVERSIDADE FEDERAL DE SANTA CATARINA,41001010049P9,INDICADORES NUTRICIONAIS COMPARADOS COM A ABSORCIOMETRIA POR DUPLA EMISSÃO DE RAIOS X NA AVALIAÇÃO DO ESTADO NUTRICIONAL DE PACIENTES ADULTOS E IDOSOS EM HEMODIÁLISE,DISSERTAÇÃO,.,SUL,SC,40500004,0,.,MESTRADO
2018,UNIVERSIDADE FEDERAL DE SANTA CATARINA,41001010049P9,POTENCIALIDADES E FRAGILIDADES NO PROCESSO DE COMPRA E VENDA DE PRODUTOS ORGÂNICOS DA AGRICULTURA FAMILIAR PARA A ALIMENTAÇÃO ESCOLAR EM MUNICÍPIOS DA REGIÃO SUL DO BRASIL,DISSERTAÇÃO,.,SUL,SC,40500004,0,.,MESTRADO
2018,UNIVERSIDADE FEDERAL DE SANTA CATARINA,41001010049P9,VISÃO DE NUTRICIONISTAS SOBRE BENEFÍCIOS E DIFICULDADES DA AQUISIÇÃO DE ALIMENTOS DA AGRICULTURA FAMILIAR PARA A ALIMENTAÇÃO ESCOLAR EM MUNICÍPIOS DA REGIÃO SUL DO BRASIL,DISSERTAÇÃO,.,SUL,SC,40500004,0,.,MESTRADO
2018,UNIVERSIDADE FEDERAL DE PERNAMBUCO,25001019028P2,"""IMPLICAÇÕES DO TRATAMENTO NEONATAL COM L-TRIPTOFANO ASSOCIADO A GLICOSE NOS PARÂMETROS MASTIGATÓRIOS EM RATOS JOVENS",DISSERTAÇÃO,IMPLICAÇÕES DO TRATAMENTO NEONATAL COM L-TRIPTOFANO ASSOCIADO A GLICOSE NOS PARÂMETROS MASTIGATÓRIOS EM RATOS JOVENS,NORDESTE,PE,40500004,0,IMPLICAÇÕES DO TRATAMENTO NEONATAL COM L-TRIPTOFANO ASSOCIADO A GLICOSE NOS PARÂMETROS MASTIGATÓRIOS EM RATOS JOVENS,MESTRADO
2018,UNIVERSIDADE FEDERAL DE PERNAMBUCO,25001019028P2,"PESO, COMPOSIÇÃO CORPORAL E MATURAÇÃO SEXUAL PRECOCE: UM ESTUDO EM JOVENS UNIVERSITÁRIAS",DISSERTAÇÃO,"PESO, COMPOSIÇÃO CORPORAL E MATURAÇÃO SEXUAL PRECOCE: UM ESTUDO EM JOVENS UNIVERSITÁRIAS",NORDESTE,PE,40500004,0,"PESO, COMPOSIÇÃO CORPORAL E MATURAÇÃO SEXUAL PRECOCE: UM ESTUDO EM JOVENS UNIVERSITÁRIAS",MESTRADO
2019,UNIVERSIDADE FEDERAL DE OURO PRETO,32007019022P2,ANÁLISE DOS MARCADORES DE MICRODANO MUSCULAR RELACIONADOS AO PERFIL GENÉTICO DA ACTN3 APÓS UMA SESSÃO DE TREINO DE FORÇA,DISSERTAÇÃO,X,SUDESTE,MG,40500004,0,XX,MESTRADO
2019,UNIVERSIDADE FEDERAL DE OURO PRETO,32007019022P2,"CONTRIBUIÇÕES DO PROGRAMA DE ALIMENTAÇÃO ESCOLAR NO PERFIL SOCIAL E DE SAÚDE DOS AGRICULTORES FAMILIARES DO MUNICÍPIO DE MARIANA, MG",DISSERTAÇÃO,PROGRAMA DE ALIMENTAÇÃO ESCOLAR;AGRICULTORES FAMILIARES,SUDESTE,MG,40500004,0,"CONTRIBUIÇÕES DO PROGRAMA DE ALIMENTAÇÃO ESCOLAR NO PERFIL SOCIAL E DE SAÚDE DOS AGRICULTORES FAMILIARES DO MUNICÍPIO DE MARIANA, MG",MESTRADO
2019,UNIVERSIDADE FEDERAL DE SÃO PAULO,33009015041P2,INFLUÊNCIA DE POLUENTES ATMOSFÉRICOS SOBRE A CAPACIDADE FÍSICA AERÓBIA DE IDOSOS: AMBIENTE ABERTO VERSUS AMBIENTE FECHADO,TESE,X,SUDESTE,SP,40500004,0,X,DOUTORADO
2019,UNIVERSIDADE DO ESTADO DO RIO DE JANEIRO,31004016052P7,CINEMA E COMENSALIDADE NA ESCOLA: O DIÁLOGO CIÊNCIA E ARTE NA CRIAÇÃO DE UM WEBSITE DO CAMPO DA ALIMENTAÇÃO E NUTRIÇÃO,DISSERTAÇÃO,NUTRIÇÃO,SUDESTE,RJ,40500004,89,XXX,MESTRADO
2019,UNIVERSIDADE DO ESTADO DO RIO DE JANEIRO,31004016052P7,IMPACTO DO CONSUMO DE BANANA VERDE NA OBESIDADE EXPERIMENTAL: IMPLICAÇÕES METABÓLICAS E NA MICROBIOTA INTESTINAL,TESE,NUTRIÇÃO,SUDESTE,RJ,40500004,100,IMPACTO DO CONSUMO DE BANANA VERDE DA OBESIDADE EXPERIMENTAL: IMPLICAÇÕES METABÓLICAS E NA MICROBIOTA INTESTINAL,DOUTORADO
2019,UNIVERSIDADE FEDERAL DE SANTA CATARINA,41001010049P9,ADAPTAÇÃO E TESTES DE RECEITAS CULINÁRIAS DO PROGRAMA NUTRIÇÃO E CULINÁRIA NA COZINHA PARA INDIVÍDUOS COM DIABETES MELLITUS TIPO 2,DISSERTAÇÃO,.,SUL,SC,40500004,0,.,MESTRADO
2019,UNIVERSIDADE FEDERAL DE SANTA CATARINA,41001010049P9,ALIMENTO DE QUALIDADE: A OPINIÃO DE ATORES DO SISTEMA ALIMENTAR,DISSERTAÇÃO,.,SUL,SC,40500004,0,.,MESTRADO
2019,UNIVERSIDADE FEDERAL DE SANTA CATARINA,41001010049P9,ASSOCIAÇÃO ENTRE DURAÇÃO DO SONO E PADRÕES ALIMENTARES DE ESCOLARES DO 2º AO 5º ANOS DO MUNICÍPIO DE FLORIANÓPOLIS - SC,DISSERTAÇÃO,.,SUL,SC,40500004,0,.,MESTRADO
2019,UNIVERSIDADE FEDERAL DE SANTA CATARINA,41001010049P9,"EFEITO DA SUPLEMENTAÇÃO DE PREBIÓTICOS OU SIMBIÓTICOS NOS MARCADORES BIOQUÍMICOS DO METABOLISMO DO FERRO EM INDIVÍDUOS COM OBESIDADE MÓRBIDA: ENSAIO CLÍNICO RANDOMIZADO, PLACEBO-CONTROLADO E TRIPLO CEGO",DISSERTAÇÃO,.,SUL,SC,40500004,0,.,MESTRADO
2019,UNIVERSIDADE FEDERAL DE SANTA CATARINA,41001010049P9,"EFEITO DA SUPLEMENTAÇÃO DE SIMBIÓTICO SOBRE OS SINTOMAS DE DEPRESSÃO E ANSIEDADE EM INDIVÍDUOS COM DIABETES MELLITUS TIPO 2: ENSAIO CLÍNICO RANDOMIZADO, PLACEBO-CONTROLADO E TRIPLO CEGO",DISSERTAÇÃO,.,SUL,SC,40500004,0,.,MESTRADO
2019,UNIVERSIDADE FEDERAL DE SANTA CATARINA,41001010049P9,EFEITO DO CONSUMO AGUDO DO SUCO DO FRUTO JUÇARA (EUTERPE EDULIS MARTIUS) SOBRE MARCADORES INFLAMATÓRIOS ANTES E APÓS UMA SESSÃO DE EXERCÍCIO INTERVALADO DE ALTA INTENSIDADE: UM ENSAIO CLÍNICO RANDOMIZADO UNICEGO CROSS-OVER,DISSERTAÇÃO,.,SUL,SC,40500004,0,.,MESTRADO
2019,UNIVERSIDADE FEDERAL DE SANTA CATARINA,41001010049P9,FORNECIMENTO DE ALIMENTOS PROVENIENTES DA AGRICULTURA FAMILIAR QUILOMBOLA PARA O PNAE: UMA ABORDAGEM ETNOGRÁFICA (PROGRAMA NACIONAL DE ALIMENTAÇÃO ESCOLAR),DISSERTAÇÃO,.,SUL,SC,40500004,0,.,MESTRADO
2019,UNIVERSIDADE FEDERAL DE SANTA CATARINA,41001010049P9,INGESTÃO ALIMENTAR DE SELÊNIO E SINDROME METABÓLICA EM ADOLESCENTES BRASILEIROS DE 12 A 17 ANOS: UM ESTUDO TRANSVERSAL DE BASE ESCOLAR,TESE,.,SUL,SC,40500004,0,.,DOUTORADO
2019,UNIVERSIDADE FEDERAL DE SANTA CATARINA,41001010049P9,"QUALIDADE DA DIETA DE CIRANÇAS E ADOLESCENTES COM CARDIOPATIA CONGÊNITA PREVIAMENTO SUBMETIDOS A TRATAMENTO TERAPÊUTICO: ASSOCIAÇÃO COM PARÂMETROS CARDIOMETABÓLICOS, ANTROPOMÉTICOS E DE COMPOSIÇÃO CORPORAL",DISSERTAÇÃO,.,SUL,SC,40500004,0,.,MESTRADO
2019,UNIVERSIDADE FEDERAL DO PARANÁ,40001016074P7,AS COMPRAS DA AGRICULTURA FAMILIAR PARA ALIMENTAÇÃO ESCOLAR NO PARANÁ SOB AS DISTINTAS MODALIDADES DE GESTÃO: UMA MIRADA DE 2011 A 2016,DISSERTAÇÃO,GESTÃO;POLÍTICA PÚBLICA;SEGURANÇA ALIMENTAR E NUTRICIONAL,SUL,PR,40500004,82,AS COMPRAS DA AGRICULTURA FAMILIAR PARA ALIMENTAÇÃO ESCOLAR NO PARANÁ SOB AS DISTINTAS MODALIDADES DE GESTÃO: UMA MIRADA DE 2011 A 2016,MESTRADO
2019,FUNDAÇÃO UNIV. FEDERAL DE CIÊNCIAS DA SAÚDE DE PORTO ALEGRE,42015014014P7,"CARACTERIZAÇÃO FÍSICO-QUÍMICA E RELAÇÃO ENTRE PERFIL DE COMPOSTOS ORGÂNICOS VOLÁTEIS, OBTIDOS A PARTIR DE VALIDAÇÃO DO MÉTODO DE MICROEXTRAÇÃO EM FASE SÓLIDA, E AS CARACTERÍSTICAS SENSORIAIS DE AZEITES BRASILEIROS",DISSERTAÇÃO,SS,SUL,RS,40500004,11,.,MESTRADO
2020,UNIVERSIDADE FEDERAL DE SANTA CATARINA,41001010049P9,DESENVOLVIMENTO E ACEITABILIDADE DE PREPARAÇÕES CULINÁRIAS MAIS SAUDÁVEIS E PROPOSTA METODOLÓGICA PARA INTERVENÇÃO DE ARQUITETURA DE ESCOLHA EM LANCHONETES UNIVERSITÁRIAS,DISSERTAÇÃO,FAZER,SUL,SC,40500004,0,FAZER,MESTRADO
2020,UNIVERSIDADE FEDERAL DE SANTA CATARINA,41001010049P9,NOTIFICAÇÃO DE VITAMINAS E MINERAIS PARA FINS COMERCIAIS EM RÓTULOS DE ALIMENTOS INDUSTRIALIZADOS DIRECIONADOS A CRIANÇAS COMERCIALIZADOS NO BRASIL,DISSERTAÇÃO,AGUARDANDO TCC FINAL,SUL,SC,40500004,0,AGUARDANDO TCC FINAL,MESTRADO
2020,UNIVERSIDADE FEDERAL DE SANTA CATARINA,41001010049P9,PADRÕES ALIMENTARES DO CAFÉ DA MANHÃ DE CRIANÇAS E ADOLESCENTES COM CARDIOPATIA CONGÊNITA PREVIAMENTE SUBMETIDOS A PROCEDIMENTO TERAPÊUTICO: ASSOCIAÇÃO COM PARÂMETROS CARDIOMETABÓLICOS E NUTRICIONAIS,DISSERTAÇÃO,AGUARDANDO TCC FINAL,SUL,SC,40500004,0,AGUARDANDO TCC FINAL;,MESTRADO
2021,UNIVERSIDADE FEDERAL DE OURO PRETO,32007019022P2,"ASSOCIAÇÃO ENTRE O POLIMORFISMO ACTN3-R577X, STATUS DE SARCOPENIA E DESEMPENHO FÍSICO DE INDIVÍDUOS COM 50 ANOS OU MAIS, PRÉ E PÓS TREINAMENTO DE FORÇA",DISSERTAÇÃO,X,SUDESTE,MG,40500004,0,X,MESTRADO
2021,UNIVERSIDADE FEDERAL DE OURO PRETO,32007019022P2,PERFIL DOS INDIVÍDUOS ATENDIDOS NO CENTRO DE TESTAGEM E ACONSELHAMENTO DE CONSELHEIRO LAFAIETE/MG ENTRE 2007 E 2018,DISSERTAÇÃO,X,SUDESTE,MG,40500004,0,X,MESTRADO
2021,UNIVERSIDADE FEDERAL DE SANTA CATARINA,41001010049P9,"EFEITO DO USO DE N-ACETILCISTEÍNA SOBRE OS NÍVEIS SÉRICOS DE 25-HIDROXIVITAMINA D (25(OH)D) EM HOMENS ADULTOS EM TRATAMENTO PELO TRANSTORNO POR USO DE ÁLCOOL: ENSAIO CLÍNICO RANDOMIZADO, DUPLO-CEGO, CONTROLADO COM PLACEBO",DISSERTAÇÃO,N-ACETILCISTEÍNA,SUL,SC,40500004,0,"EFEITO DO USO DE N-ACETILCISTEÍNA SOBRE OS NÍVEIS SÉRICOS DE 25-HIDROXIVITAMINA D (25(OH)D) EM HOMENS ADULTOS EM TRATAMENTO PELO TRANSTORNO POR USO DE ÁLCOOL: ENSAIO CLÍNICO RANDOMIZADO, DUPLO-CEGO, CONTROLADO COM PLACEBO",MESTRADO
2023,UNIVERSIDADE DO ESTADO DO RIO DE JANEIRO,31004016052P7,DADOS BIOELÉTRICOS E SUA RELAÇÃO COM VARIÁVEIS DA APTIDÃO FÍSICA EM HOMENS ALTAMENTE TREINADOS,TESE,NUTRIÇÃO,SUDESTE,RJ,40500004,100,DADOS BIOELÉTRICOS E SUA RELAÇÃO COM VARIÁVEIS DA APTIDÃO FÍSICA EM HOMENS ALTAMENTE TREINADOS,DOUTORADO
2023,UNIVERSIDADE FEDERAL DE GOIÁS,52001016044P4,"ASSOCIAÇÕES ENTRE O COMPORTAMENTO ALIMENTAR E O ESTADO NUTRICIONAL DE ADULTOS USUÁRIOS DA ATENÇÃO PRIMÁRIA À SAÚDE DE GOIÂNIA, GOIÁS",DISSERTAÇÃO,COMPORTAMENTO ALIMENTAR;CONSUMO ALIMENTAR;ESTADO NUTRICIONAL;SISTEMA ÚNICO DE SAÚDE,CENTRO-OESTE,GO,40500004,0,NÃO DISPONÍVEL;,MESTRADO
2024,UNIVERSIDADE FEDERAL DE VIÇOSA,32002017024P3,"ABORDAGEM MULTICOMPONENTE NUTRIRCOM: EFEITOS SOBRE O COMPORTAMENTO ALIMENTAR, ADIPOSIDADE, MARCADORES DE ESTRESSE, ANSIEDADE E DEPRESSÃO EM MULHERES COM OBESIDADE",TESE,OBESIDADE;MULHER;NÃO-DIETA;PESO INCLUSIVO;NUTRIÇÃO COMPORTAMENTAL;COMPORTAMENTO ALIMENTAR;ESTRESSE;ANSIEDADE;DEPRESSÃO,SUDESTE,MG,40500004,100,XXXXXX,DOUTORADO
2024,UNIVERSIDADE FEDERAL DE OURO PRETO,32007019022P2,A RELAÇÃO DO AMBIENTE ALIMENTAR COM A INSEGURANÇA ALIMENTAR EM DOIS MUNICÍPIOS BRASILEIROS: EVIDÊNCIAS DA PANDEMIA DE COVID-19,TESE,X,SUDESTE,MG,40500004,0,X,DOUTORADO
2024,UNIVERSIDADE FEDERAL DE OURO PRETO,32007019022P2,ASSOCIAÇÃO DA RELIGIOSIDADE/ESPIRITUALIDADE COM O RISCO CARDIOVASCULAR DURANTE A PANDEMIA DE COVID-19 E SEUS POSSÍVEIS MEDIADORES,DISSERTAÇÃO,X,SUDESTE,MG,40500004,0,Z,MESTRADO
2024,UNIVERSIDADE FEDERAL DE OURO PRETO,32007019022P2,EFEITO DO CONSUMO DE MIX DE FRUTAS SECAS E OLEAGINOSAS E CHOCOLATE AMARGO 70% CACAU NO PERFIL INFLAMATÓRIO E ANTIOXIDANTE DE TABAGISTAS EM TRATAMENTO PARA A CESSAÇÃO TABÁGICA,TESE,X,SUDESTE,MG,40500004,0,X,DOUTORADO
